<?xml version='1.0' encoding='UTF-8' standalone='no'?>
<section xmlns="http://docbook.org/ns/docbook" version="5.0" xmlns:xlink="http://www.w3.org/1999/xlink" xml:id="__deck_8h" xml:lang="en-US">
<title>Deck.h File Reference</title>
<indexterm><primary>Deck.h</primary></indexterm>
<para>

<para>Template class for a card deck implementation. </para>
 
</para>
<programlisting linenumbering="unnumbered">#include &lt;vector&gt;<?linebreak?>#include &lt;algorithm&gt;<?linebreak?>#include &lt;random&gt;<?linebreak?>#include &lt;stdexcept&gt;<?linebreak?>#include &quot;Card.h&quot;<?linebreak?></programlisting>Include dependency graph for Deck.h:<para>
    <informalfigure>
        <mediaobject>
            <imageobject>
                <imagedata width="50%" align="center" valign="middle" scalefit="0" fileref="_deck_8h__incl.png"></imagedata>
            </imageobject>
        </mediaobject>
    </informalfigure>
</para>
This graph shows which files directly or indirectly include this file:<para>
    <informalfigure>
        <mediaobject>
            <imageobject>
                <imagedata width="50%" align="center" valign="middle" scalefit="0" fileref="_deck_8h__dep__incl.png"></imagedata>
            </imageobject>
        </mediaobject>
    </informalfigure>
</para>
<simplesect>
    <title>Classes    </title>
        <itemizedlist>
            <listitem><para>class <link linkend="_class_deck">Deck&lt; T &gt;</link></para>

<para>Template class representing a deck of cards. </para>
</listitem>
        </itemizedlist>
</simplesect>
<section>
<title>Detailed Description</title>

<para>Template class for a card deck implementation. </para>

<para><formalpara><title>Author</title>

<para>Ireoluwa Dairo </para>
</formalpara>
<formalpara><title>Date</title>

<para>2024-11-27 </para>
</formalpara>
</para>
<para>
Definition in file <link linkend="__deck_8h_source">Deck.h</link>.</para>
</section>
</section>
