<?xml version='1.0' encoding='UTF-8' standalone='no'?>
<section xmlns="http://docbook.org/ns/docbook" version="5.0" xmlns:xlink="http://www.w3.org/1999/xlink" xml:id="__player_stats_8cpp" xml:lang="en-US">
<title>PlayerStats.cpp File Reference</title>
<indexterm><primary>PlayerStats.cpp</primary></indexterm>
<para>

<para>Implementation of player statistics tracking. </para>
 
</para>
<programlisting linenumbering="unnumbered">#include &quot;PlayerStats.h&quot;<?linebreak?>#include &lt;stdexcept&gt;<?linebreak?></programlisting>Include dependency graph for PlayerStats.cpp:<para>
    <informalfigure>
        <mediaobject>
            <imageobject>
                <imagedata width="50%" align="center" valign="middle" scalefit="0" fileref="_player_stats_8cpp__incl.png"></imagedata>
            </imageobject>
        </mediaobject>
    </informalfigure>
</para>
<section>
<title>Detailed Description</title>

<para>Implementation of player statistics tracking. </para>

<para><formalpara><title>Author</title>

<para>Ireoluwa Dairo </para>
</formalpara>
<formalpara><title>Date</title>

<para>2024-11-27 </para>
</formalpara>
</para>
<para>
Definition in file <link linkend="__player_stats_8cpp_source">PlayerStats.cpp</link>.</para>
</section>
</section>
