<?xml version='1.0' encoding='UTF-8' standalone='no'?>
<section xmlns="http://docbook.org/ns/docbook" version="5.0" xmlns:xlink="http://www.w3.org/1999/xlink" xml:id="_annotated" xml:lang="en-US">
<title>Class List</title>
Here are the classes, structs, unions and interfaces with brief descriptions:<link linkend="_class_card">Card</link>
<para>Represents a single playing card in a standard deck </para>
<link linkend="_class_dealer">Dealer</link>
<para><link linkend="_class_dealer">Dealer</link> class Implements dealer-specific logic and display </para>
<link linkend="_class_deck">Deck&lt; T &gt;</link>
<para>Template class representing a deck of cards </para>
<link linkend="_class_game">Game</link>
<para>Main controller class implementing Blackjack game logic </para>
<link linkend="_class_game_res">GameRes</link>
<para>Represents the result of a single game Stores win/loss status and amount won/lost </para>
<link linkend="_class_human">Human</link>
<para><link linkend="_class_human">Human</link> player class Implements interactive player decisions </para>
<link linkend="_class_player">Player</link>
<para>Abstract base class for blackjack players Defines common functionality for managing hands, bets, funds and statistics </para>
<link linkend="_class_p_stats">PStats</link>
<para><link linkend="_class_player">Player</link> statistics manager Tracks game results and calculates statistics </para>
<link linkend="_struct_save">Save</link>
<para>Structure containing saveable game state data </para>
<link linkend="_class_save_game">SaveGame</link>
<para>Static class for managing game state persistence </para>
<link linkend="_struct_stats">Stats</link>
<para>Simple structure holding game statistics </para>
</section>
