<?xml version='1.0' encoding='UTF-8' standalone='no'?>
<section xmlns="http://docbook.org/ns/docbook" version="5.0" xmlns:xlink="http://www.w3.org/1999/xlink" xml:id="__black_jack_game_8cpp" xml:lang="en-US">
<title>BlackJackGame.cpp File Reference</title>
<indexterm><primary>BlackJackGame.cpp</primary></indexterm>
<para>

<para>Implementation of BlackJack game controller class. </para>
 
</para>
<programlisting linenumbering="unnumbered">#include &quot;BlackjackGame.h&quot;<?linebreak?>#include &lt;iostream&gt;<?linebreak?>#include &lt;cstring&gt;<?linebreak?></programlisting>Include dependency graph for BlackJackGame.cpp:<para>
    <informalfigure>
        <mediaobject>
            <imageobject>
                <imagedata width="50%" align="center" valign="middle" scalefit="0" fileref="_black_jack_game_8cpp__incl.png"></imagedata>
            </imageobject>
        </mediaobject>
    </informalfigure>
</para>
<section>
<title>Detailed Description</title>

<para>Implementation of BlackJack game controller class. </para>

<para><formalpara><title>Author</title>

<para>Ireoluwa Dairo </para>
</formalpara>
<formalpara><title>Date</title>

<para>2024-11-27 </para>
</formalpara>
</para>
<para>
Definition in file <link linkend="__black_jack_game_8cpp_source">BlackJackGame.cpp</link>.</para>
</section>
</section>
