<?xml version='1.0' encoding='UTF-8' standalone='no'?>
<section xmlns="http://docbook.org/ns/docbook" version="5.0" xmlns:xlink="http://www.w3.org/1999/xlink" xml:id="__player_8h" xml:lang="en-US">
<title>Player.h File Reference</title>
<indexterm><primary>Player.h</primary></indexterm>
<para>

<para>Base player class and derived player types for blackjack. </para>
 
</para>
<programlisting linenumbering="unnumbered">#include &lt;string&gt;<?linebreak?>#include &lt;vector&gt;<?linebreak?>#include &quot;Card.h&quot;<?linebreak?>#include &quot;PlayerStats.h&quot;<?linebreak?></programlisting>Include dependency graph for Player.h:<para>
    <informalfigure>
        <mediaobject>
            <imageobject>
                <imagedata width="50%" align="center" valign="middle" scalefit="0" fileref="_player_8h__incl.png"></imagedata>
            </imageobject>
        </mediaobject>
    </informalfigure>
</para>
This graph shows which files directly or indirectly include this file:<para>
    <informalfigure>
        <mediaobject>
            <imageobject>
                <imagedata width="50%" align="center" valign="middle" scalefit="0" fileref="_player_8h__dep__incl.png"></imagedata>
            </imageobject>
        </mediaobject>
    </informalfigure>
</para>
<simplesect>
    <title>Classes    </title>
        <itemizedlist>
            <listitem><para>class <link linkend="_class_player">Player</link></para>

<para>Abstract base class for blackjack players Defines common functionality for managing hands, bets, funds and statistics. </para>
</listitem>
            <listitem><para>class <link linkend="_class_human">Human</link></para>

<para><link linkend="_class_human">Human</link> player class Implements interactive player decisions. </para>
</listitem>
            <listitem><para>class <link linkend="_class_dealer">Dealer</link></para>

<para><link linkend="_class_dealer">Dealer</link> class Implements dealer-specific logic and display. </para>
</listitem>
        </itemizedlist>
</simplesect>
<section>
<title>Detailed Description</title>

<para>Base player class and derived player types for blackjack. </para>

<para><formalpara><title>Author</title>

<para>Ireoluwa Dairo </para>
</formalpara>
<formalpara><title>Date</title>

<para>2024-11-27 </para>
</formalpara>
</para>
<para>
Definition in file <link linkend="__player_8h_source">Player.h</link>.</para>
</section>
</section>
