<?xml version='1.0' encoding='UTF-8' standalone='no'?>
<section xmlns="http://docbook.org/ns/docbook" version="5.0" xmlns:xlink="http://www.w3.org/1999/xlink" xml:id="__save_game_8cpp_source" xml:lang="en-US">
<title>SaveGame.cpp</title>
Go to the documentation of this file.<programlisting linenumbering="unnumbered"><anchor xml:id="__save_game_8cpp_source_1l00001"/>00001 
<anchor xml:id="__save_game_8cpp_source_1l00008"/>00008 <emphasis role="preprocessor">#include&#32;&quot;<link linkend="__save_game_8h">SaveGame.h</link>&quot;</emphasis>
<anchor xml:id="__save_game_8cpp_source_1l00009"/>00009 <emphasis role="preprocessor">#include&#32;&lt;cctype&gt;</emphasis>
<anchor xml:id="__save_game_8cpp_source_1l00010"/>00010 <emphasis role="keyword">using&#32;namespace&#32;</emphasis>std;
<anchor xml:id="__save_game_8cpp_source_1l00011"/>00011 
<anchor xml:id="__save_game_8cpp_source_1l00018"/><link linkend="_class_save_game_1aee1d61f41270f9256f47a858e00db05a">00018</link> <emphasis role="keywordtype">bool</emphasis>&#32;<link linkend="_class_save_game_1aee1d61f41270f9256f47a858e00db05a">SaveGame::load</link>(<link linkend="_struct_save">Save</link>&amp;&#32;data,&#32;<emphasis role="keyword">const</emphasis>&#32;<emphasis role="keywordtype">string</emphasis>&amp;&#32;user)&#32;{
<anchor xml:id="__save_game_8cpp_source_1l00019"/>00019 &#32;&#32;&#32;ifstream&#32;file(fname(user),&#32;ios::binary);
<anchor xml:id="__save_game_8cpp_source_1l00020"/>00020 &#32;&#32;&#32;<emphasis role="keywordflow">if</emphasis>&#32;(!file)&#32;<emphasis role="keywordflow">return</emphasis>&#32;<emphasis role="keyword">false</emphasis>;
<anchor xml:id="__save_game_8cpp_source_1l00021"/>00021 &#32;&#32;&#32;
<anchor xml:id="__save_game_8cpp_source_1l00022"/>00022 &#32;&#32;&#32;file.read(<emphasis role="keyword">reinterpret_cast&lt;</emphasis><emphasis role="keywordtype">char</emphasis>*<emphasis role="keyword">&gt;</emphasis>(&amp;data),&#32;<emphasis role="keyword">sizeof</emphasis>(<link linkend="_struct_save">Save</link>));
<anchor xml:id="__save_game_8cpp_source_1l00023"/>00023 &#32;&#32;&#32;file.close();
<anchor xml:id="__save_game_8cpp_source_1l00024"/>00024 &#32;&#32;&#32;<emphasis role="keywordflow">return</emphasis>&#32;<emphasis role="keyword">true</emphasis>;
<anchor xml:id="__save_game_8cpp_source_1l00025"/>00025 }
<anchor xml:id="__save_game_8cpp_source_1l00026"/>00026 
<anchor xml:id="__save_game_8cpp_source_1l00033"/><link linkend="_class_save_game_1a4657b0a4750db6c1ba1a8f4033a46372">00033</link> <emphasis role="keywordtype">bool</emphasis>&#32;<link linkend="_class_save_game_1a4657b0a4750db6c1ba1a8f4033a46372">SaveGame::save</link>(<emphasis role="keyword">const</emphasis>&#32;<link linkend="_struct_save">Save</link>&amp;&#32;data,&#32;<emphasis role="keyword">const</emphasis>&#32;<emphasis role="keywordtype">string</emphasis>&amp;&#32;user)&#32;{
<anchor xml:id="__save_game_8cpp_source_1l00034"/>00034 &#32;&#32;&#32;ofstream&#32;file(fname(user),&#32;ios::binary);
<anchor xml:id="__save_game_8cpp_source_1l00035"/>00035 &#32;&#32;&#32;<emphasis role="keywordflow">if</emphasis>&#32;(!file)&#32;<emphasis role="keywordflow">return</emphasis>&#32;<emphasis role="keyword">false</emphasis>;
<anchor xml:id="__save_game_8cpp_source_1l00036"/>00036 &#32;&#32;&#32;
<anchor xml:id="__save_game_8cpp_source_1l00037"/>00037 &#32;&#32;&#32;file.write(<emphasis role="keyword">reinterpret_cast&lt;</emphasis><emphasis role="keyword">const&#32;</emphasis><emphasis role="keywordtype">char</emphasis>*<emphasis role="keyword">&gt;</emphasis>(&amp;data),&#32;<emphasis role="keyword">sizeof</emphasis>(<link linkend="_struct_save">Save</link>));
<anchor xml:id="__save_game_8cpp_source_1l00038"/>00038 &#32;&#32;&#32;file.close();
<anchor xml:id="__save_game_8cpp_source_1l00039"/>00039 &#32;&#32;&#32;<emphasis role="keywordflow">return</emphasis>&#32;<emphasis role="keyword">true</emphasis>;
<anchor xml:id="__save_game_8cpp_source_1l00040"/>00040 }
<anchor xml:id="__save_game_8cpp_source_1l00041"/>00041 
<anchor xml:id="__save_game_8cpp_source_1l00048"/><link linkend="_class_save_game_1abf8a728e1a1a764a838a1456f0c35ef5">00048</link> <emphasis role="keywordtype">bool</emphasis>&#32;<link linkend="_class_save_game_1abf8a728e1a1a764a838a1456f0c35ef5">SaveGame::valid</link>(<emphasis role="keyword">const</emphasis>&#32;<emphasis role="keywordtype">string</emphasis>&amp;&#32;user)&#32;{
<anchor xml:id="__save_game_8cpp_source_1l00049"/>00049 &#32;&#32;&#32;<emphasis role="keywordflow">if</emphasis>&#32;(user.length()&#32;&lt;&#32;3&#32;||&#32;user.length()&#32;&gt;&#32;30)&#32;{
<anchor xml:id="__save_game_8cpp_source_1l00050"/>00050 &#32;&#32;&#32;&#32;&#32;&#32;&#32;<emphasis role="keywordflow">return</emphasis>&#32;<emphasis role="keyword">false</emphasis>;
<anchor xml:id="__save_game_8cpp_source_1l00051"/>00051 &#32;&#32;&#32;}
<anchor xml:id="__save_game_8cpp_source_1l00052"/>00052 &#32;&#32;&#32;
<anchor xml:id="__save_game_8cpp_source_1l00053"/>00053 &#32;&#32;&#32;<emphasis role="keywordflow">for</emphasis>&#32;(<emphasis role="keywordtype">char</emphasis>&#32;c&#32;:&#32;user)&#32;{
<anchor xml:id="__save_game_8cpp_source_1l00054"/>00054 &#32;&#32;&#32;&#32;&#32;&#32;&#32;<emphasis role="keywordflow">if</emphasis>&#32;(!isalnum(c)&#32;&amp;&amp;&#32;c&#32;!=&#32;<emphasis role="charliteral">&apos;_&apos;</emphasis>)&#32;{
<anchor xml:id="__save_game_8cpp_source_1l00055"/>00055 &#32;&#32;&#32;&#32;&#32;&#32;&#32;&#32;&#32;&#32;&#32;<emphasis role="keywordflow">return</emphasis>&#32;<emphasis role="keyword">false</emphasis>;
<anchor xml:id="__save_game_8cpp_source_1l00056"/>00056 &#32;&#32;&#32;&#32;&#32;&#32;&#32;}
<anchor xml:id="__save_game_8cpp_source_1l00057"/>00057 &#32;&#32;&#32;}
<anchor xml:id="__save_game_8cpp_source_1l00058"/>00058 &#32;&#32;&#32;<emphasis role="keywordflow">return</emphasis>&#32;<emphasis role="keyword">true</emphasis>;
<anchor xml:id="__save_game_8cpp_source_1l00059"/>00059 }
<anchor xml:id="__save_game_8cpp_source_1l00060"/>00060 
<anchor xml:id="__save_game_8cpp_source_1l00066"/>00066 <emphasis role="keywordtype">string</emphasis>&#32;SaveGame::fname(<emphasis role="keyword">const</emphasis>&#32;<emphasis role="keywordtype">string</emphasis>&amp;&#32;user)&#32;{
<anchor xml:id="__save_game_8cpp_source_1l00067"/>00067 &#32;&#32;&#32;<emphasis role="keywordflow">return</emphasis>&#32;user&#32;+&#32;<emphasis role="stringliteral">&quot;.dat&quot;</emphasis>;
<anchor xml:id="__save_game_8cpp_source_1l00068"/>00068 }
</programlisting></section>
