<?xml version='1.0' encoding='UTF-8' standalone='no'?>
<section xmlns="http://docbook.org/ns/docbook" version="5.0" xmlns:xlink="http://www.w3.org/1999/xlink" xml:id="_class_save_game" xml:lang="en-US">
<title>SaveGame Class Reference</title>
<indexterm><primary>SaveGame</primary></indexterm>
<para>

<para>Static class for managing game state persistence. </para>
 
</para>
<para>
<computeroutput>#include &lt;SaveGame.h&gt;</computeroutput>
</para>
Collaboration diagram for SaveGame:<para>
    <informalfigure>
        <mediaobject>
            <imageobject>
                <imagedata width="50%" align="center" valign="middle" scalefit="0" fileref="class_save_game__coll__graph.png"></imagedata>
            </imageobject>
        </mediaobject>
    </informalfigure>
</para>
<simplesect>
    <title>Static Public Member Functions    </title>
        <itemizedlist>
            <listitem><para>static bool <link linkend="_class_save_game_1aee1d61f41270f9256f47a858e00db05a">load</link> (<link linkend="_struct_save">Save</link> &amp;data, const string &amp;user)</para>

<para>Load saved game data. </para>
</listitem>
            <listitem><para>static bool <link linkend="_class_save_game_1a4657b0a4750db6c1ba1a8f4033a46372">save</link> (const <link linkend="_struct_save">Save</link> &amp;data, const string &amp;user)</para>

<para><link linkend="_struct_save">Save</link> current game data. </para>
</listitem>
            <listitem><para>static bool <link linkend="_class_save_game_1abf8a728e1a1a764a838a1456f0c35ef5">valid</link> (const string &amp;user)</para>

<para>Check if save data exists for user. </para>
</listitem>
        </itemizedlist>
</simplesect>
<section>
<title>Detailed Description</title>

<para>Static class for managing game state persistence. </para>
<para>
Definition at line <link linkend="__save_game_8h_source_1l00032">32</link> of file <link linkend="__save_game_8h_source">SaveGame.h</link>.</para>
</section>
<section>
<title>Member Function Documentation</title>
<anchor xml:id="_class_save_game_1aee1d61f41270f9256f47a858e00db05a"/><section>
    <title>load()</title>
<indexterm><primary>load</primary><secondary>SaveGame</secondary></indexterm>
<indexterm><primary>SaveGame</primary><secondary>load</secondary></indexterm>
<para><computeroutput>bool SaveGame::load (<link linkend="_struct_save">Save</link> &amp; data, const string &amp; user)<computeroutput>[static]</computeroutput></computeroutput></para><para>

<para>Load saved game data. </para>
</para>

<para>Load saved game data for user.</para>

<para>
                <formalpara>
                    <title>
Parameters</title>
                    <para>
                    <table frame="all">
                        <tgroup cols="2" align="left" colsep="1" rowsep="1">
                        <colspec colwidth="1*"/>
                        <colspec colwidth="4*"/>
                        <tbody>
                            <row>
<entry>data</entry><entry>
<para><link linkend="_struct_save">Save</link> structure to load into </para>
</entry>
                            </row>
                            <row>
<entry>user</entry><entry>
<para>Username to load data for </para>
</entry>
                            </row>
                        </tbody>
                        </tgroup>
                    </table>
                    </para>
                </formalpara>
                <formalpara><title>Returns</title>

<para>bool True if load successful</para>
</formalpara>

                <formalpara>
                    <title>
Parameters</title>
                    <para>
                    <table frame="all">
                        <tgroup cols="2" align="left" colsep="1" rowsep="1">
                        <colspec colwidth="1*"/>
                        <colspec colwidth="4*"/>
                        <tbody>
                            <row>
<entry>data</entry><entry>
<para><link linkend="_struct_save">Save</link> structure to load data into </para>
</entry>
                            </row>
                            <row>
<entry>user</entry><entry>
<para>Username to load data for </para>
</entry>
                            </row>
                        </tbody>
                        </tgroup>
                    </table>
                    </para>
                </formalpara>
                <formalpara><title>Returns</title>

<para>bool True if load successful </para>
</formalpara>
</para>
<para>
Definition at line <link linkend="__save_game_8cpp_source_1l00018">18</link> of file <link linkend="__save_game_8cpp_source">SaveGame.cpp</link>.</para>
</section>
<anchor xml:id="_class_save_game_1a4657b0a4750db6c1ba1a8f4033a46372"/><section>
    <title>save()</title>
<indexterm><primary>save</primary><secondary>SaveGame</secondary></indexterm>
<indexterm><primary>SaveGame</primary><secondary>save</secondary></indexterm>
<para><computeroutput>bool SaveGame::save (const <link linkend="_struct_save">Save</link> &amp; data, const string &amp; user)<computeroutput>[static]</computeroutput></computeroutput></para><para>

<para><link linkend="_struct_save">Save</link> current game data. </para>
</para>

<para><link linkend="_struct_save">Save</link> current game state for user.</para>

<para>
                <formalpara>
                    <title>
Parameters</title>
                    <para>
                    <table frame="all">
                        <tgroup cols="2" align="left" colsep="1" rowsep="1">
                        <colspec colwidth="1*"/>
                        <colspec colwidth="4*"/>
                        <tbody>
                            <row>
<entry>data</entry><entry>
<para><link linkend="_struct_save">Save</link> structure containing data to save </para>
</entry>
                            </row>
                            <row>
<entry>user</entry><entry>
<para>Username to save data for </para>
</entry>
                            </row>
                        </tbody>
                        </tgroup>
                    </table>
                    </para>
                </formalpara>
                <formalpara><title>Returns</title>

<para>bool True if save successful</para>
</formalpara>

                <formalpara>
                    <title>
Parameters</title>
                    <para>
                    <table frame="all">
                        <tgroup cols="2" align="left" colsep="1" rowsep="1">
                        <colspec colwidth="1*"/>
                        <colspec colwidth="4*"/>
                        <tbody>
                            <row>
<entry>data</entry><entry>
<para><link linkend="_struct_save">Save</link> structure containing data </para>
</entry>
                            </row>
                            <row>
<entry>user</entry><entry>
<para>Username to save data for </para>
</entry>
                            </row>
                        </tbody>
                        </tgroup>
                    </table>
                    </para>
                </formalpara>
                <formalpara><title>Returns</title>

<para>bool True if save successful </para>
</formalpara>
</para>
<para>
Definition at line <link linkend="__save_game_8cpp_source_1l00033">33</link> of file <link linkend="__save_game_8cpp_source">SaveGame.cpp</link>.</para>
</section>
<anchor xml:id="_class_save_game_1abf8a728e1a1a764a838a1456f0c35ef5"/><section>
    <title>valid()</title>
<indexterm><primary>valid</primary><secondary>SaveGame</secondary></indexterm>
<indexterm><primary>SaveGame</primary><secondary>valid</secondary></indexterm>
<para><computeroutput>bool SaveGame::valid (const string &amp; user)<computeroutput>[static]</computeroutput></computeroutput></para><para>

<para>Check if save data exists for user. </para>
</para>

<para>Validate username format.</para>

<para>
                <formalpara>
                    <title>
Parameters</title>
                    <para>
                    <table frame="all">
                        <tgroup cols="2" align="left" colsep="1" rowsep="1">
                        <colspec colwidth="1*"/>
                        <colspec colwidth="4*"/>
                        <tbody>
                            <row>
<entry>user</entry><entry>
<para>Username to check </para>
</entry>
                            </row>
                        </tbody>
                        </tgroup>
                    </table>
                    </para>
                </formalpara>
                <formalpara><title>Returns</title>

<para>bool True if save data exists</para>
</formalpara>

                <formalpara>
                    <title>
Parameters</title>
                    <para>
                    <table frame="all">
                        <tgroup cols="2" align="left" colsep="1" rowsep="1">
                        <colspec colwidth="1*"/>
                        <colspec colwidth="4*"/>
                        <tbody>
                            <row>
<entry>user</entry><entry>
<para>Username to validate </para>
</entry>
                            </row>
                        </tbody>
                        </tgroup>
                    </table>
                    </para>
                </formalpara>
                <formalpara><title>Returns</title>

<para>bool True if username is valid</para>
</formalpara>
Username must be 3-30 characters, alphanumeric or underscore </para>
<para>
Definition at line <link linkend="__save_game_8cpp_source_1l00048">48</link> of file <link linkend="__save_game_8cpp_source">SaveGame.cpp</link>.</para>
</section>
<para>
The documentation for this class was generated from the following files:</para>
<link linkend="__save_game_8h">SaveGame.h</link><link linkend="__save_game_8cpp">SaveGame.cpp</link></section>
</section>
