<?xml version='1.0' encoding='UTF-8' standalone='no'?>
<section xmlns="http://docbook.org/ns/docbook" version="5.0" xmlns:xlink="http://www.w3.org/1999/xlink" xml:id="__card_8h_source" xml:lang="en-US">
<title>Card.h</title>
Go to the documentation of this file.<programlisting linenumbering="unnumbered"><anchor xml:id="__card_8h_source_1l00001"/>00001 
<anchor xml:id="__card_8h_source_1l00008"/>00008 <emphasis role="preprocessor">#ifndef&#32;CARD_H</emphasis>
<anchor xml:id="__card_8h_source_1l00009"/>00009 <emphasis role="preprocessor">#define&#32;CARD_H</emphasis>
<anchor xml:id="__card_8h_source_1l00010"/>00010 
<anchor xml:id="__card_8h_source_1l00011"/>00011 <emphasis role="preprocessor">#include&#32;&lt;string&gt;</emphasis>
<anchor xml:id="__card_8h_source_1l00012"/>00012 <emphasis role="preprocessor">#include&#32;&lt;iostream&gt;</emphasis>
<anchor xml:id="__card_8h_source_1l00013"/>00013 
<anchor xml:id="__card_8h_source_1l00022"/><link linkend="_class_card">00022</link> <emphasis role="keyword">class&#32;</emphasis><link linkend="_class_card">Card</link>&#32;{
<anchor xml:id="__card_8h_source_1l00023"/>00023 <emphasis role="keyword">public</emphasis>:
<anchor xml:id="__card_8h_source_1l00029"/><link linkend="_class_card_1a5725a8e05afab8cd2f555bd81b069860">00029</link> &#32;&#32;&#32;&#32;<emphasis role="keyword">enum&#32;class</emphasis>&#32;<link linkend="_class_card_1a5725a8e05afab8cd2f555bd81b069860">Suit</link>&#32;{&#32;HEARTS,&#32;DIAMONDS,&#32;CLUBS,&#32;SPADES&#32;};
<anchor xml:id="__card_8h_source_1l00030"/>00030 &#32;&#32;&#32;&#32;
<anchor xml:id="__card_8h_source_1l00034"/>00034 &#32;&#32;&#32;&#32;<link linkend="_class_card_1a783f5854cbe8c183ee3d4414c01472c0">Card</link>();
<anchor xml:id="__card_8h_source_1l00035"/>00035 
<anchor xml:id="__card_8h_source_1l00042"/>00042 &#32;&#32;&#32;&#32;<link linkend="_class_card_1a783f5854cbe8c183ee3d4414c01472c0">Card</link>(<emphasis role="keywordtype">int</emphasis>&#32;value,&#32;<link linkend="_class_card_1a5725a8e05afab8cd2f555bd81b069860">Suit</link>&#32;suit);
<anchor xml:id="__card_8h_source_1l00043"/>00043 
<anchor xml:id="__card_8h_source_1l00048"/>00048 &#32;&#32;&#32;&#32;<link linkend="_class_card_1a783f5854cbe8c183ee3d4414c01472c0">Card</link>(<emphasis role="keyword">const</emphasis>&#32;<link linkend="_class_card">Card</link>&amp;&#32;other);
<anchor xml:id="__card_8h_source_1l00049"/>00049 &#32;&#32;&#32;&#32;
<anchor xml:id="__card_8h_source_1l00053"/>00053 &#32;&#32;&#32;&#32;<link linkend="_class_card_1a4e05b0b68e43e5e76c6194458cee874f">~Card</link>();
<anchor xml:id="__card_8h_source_1l00054"/>00054 &#32;&#32;&#32;&#32;
<anchor xml:id="__card_8h_source_1l00059"/>00059 &#32;&#32;&#32;&#32;<emphasis role="keywordtype">int</emphasis>&#32;<link linkend="_class_card_1acc9b1b81d72e09c5a70036d0b91b4b30">getValue</link>()&#32;<emphasis role="keyword">const</emphasis>;
<anchor xml:id="__card_8h_source_1l00060"/>00060 
<anchor xml:id="__card_8h_source_1l00065"/>00065 &#32;&#32;&#32;&#32;<link linkend="_class_card_1a5725a8e05afab8cd2f555bd81b069860">Suit</link>&#32;<link linkend="_class_card_1acfe58701c3583e9bc86ac2fe1e323516">getSuit</link>()&#32;<emphasis role="keyword">const</emphasis>;
<anchor xml:id="__card_8h_source_1l00066"/>00066 
<anchor xml:id="__card_8h_source_1l00071"/>00071 &#32;&#32;&#32;&#32;std::string&#32;<link linkend="_class_card_1a5e70c8ac94f7e7a95212e7ed00967da5">getSuitString</link>()&#32;<emphasis role="keyword">const</emphasis>;
<anchor xml:id="__card_8h_source_1l00072"/>00072 
<anchor xml:id="__card_8h_source_1l00077"/>00077 &#32;&#32;&#32;&#32;std::string&#32;<link linkend="_class_card_1aec176a6f90ddf2bac50d3ade4382f0a2">getValueString</link>()&#32;<emphasis role="keyword">const</emphasis>;
<anchor xml:id="__card_8h_source_1l00078"/>00078 &#32;&#32;&#32;&#32;
<anchor xml:id="__card_8h_source_1l00084"/>00084 &#32;&#32;&#32;&#32;<emphasis role="keywordtype">bool</emphasis>&#32;<link linkend="_class_card_1a72af3c8dc8c8d30901166e0bb36e0112">operator==</link>(<emphasis role="keyword">const</emphasis>&#32;<link linkend="_class_card">Card</link>&amp;&#32;other)&#32;<emphasis role="keyword">const</emphasis>;
<anchor xml:id="__card_8h_source_1l00085"/>00085 
<anchor xml:id="__card_8h_source_1l00091"/>00091 &#32;&#32;&#32;&#32;<emphasis role="keywordtype">bool</emphasis>&#32;<link linkend="_class_card_1aff83c9c9c5b077e7f7cc6aa738feed25">operator!=</link>(<emphasis role="keyword">const</emphasis>&#32;<link linkend="_class_card">Card</link>&amp;&#32;other)&#32;<emphasis role="keyword">const</emphasis>;
<anchor xml:id="__card_8h_source_1l00092"/>00092 
<anchor xml:id="__card_8h_source_1l00098"/>00098 &#32;&#32;&#32;&#32;<link linkend="_class_card">Card</link>&amp;&#32;<link linkend="_class_card_1ad2ec2f42129790f79948297c128fba9f">operator=</link>(<emphasis role="keyword">const</emphasis>&#32;<link linkend="_class_card">Card</link>&amp;&#32;other);
<anchor xml:id="__card_8h_source_1l00099"/>00099 &#32;&#32;&#32;&#32;
<anchor xml:id="__card_8h_source_1l00104"/>00104 &#32;&#32;&#32;&#32;<emphasis role="keyword">static</emphasis>&#32;<emphasis role="keywordtype">int</emphasis>&#32;<link linkend="_class_card_1a3e30db73c71f875fb07ba04c59afb95e">getNumCardsCreated</link>();
<anchor xml:id="__card_8h_source_1l00105"/>00105 &#32;&#32;&#32;&#32;
<anchor xml:id="__card_8h_source_1l00112"/><link linkend="_class_card_1a3bbd82d9047456c6ecbe51a56ca7a584">00112</link> &#32;&#32;&#32;&#32;<emphasis role="keyword">friend</emphasis>&#32;std::ostream&amp;&#32;<link linkend="_class_card_1a3bbd82d9047456c6ecbe51a56ca7a584">operator&lt;&lt;</link>(std::ostream&amp;&#32;os,&#32;<emphasis role="keyword">const</emphasis>&#32;<link linkend="_class_card">Card</link>&amp;&#32;card);
<anchor xml:id="__card_8h_source_1l00113"/>00113 &#32;&#32;&#32;&#32;
<anchor xml:id="__card_8h_source_1l00114"/>00114 <emphasis role="keyword">private</emphasis>:
<anchor xml:id="__card_8h_source_1l00115"/>00115 &#32;&#32;&#32;&#32;<emphasis role="keywordtype">int</emphasis>&#32;value;&#32;&#32;&#32;&#32;
<anchor xml:id="__card_8h_source_1l00116"/>00116 &#32;&#32;&#32;&#32;<link linkend="_class_card_1a5725a8e05afab8cd2f555bd81b069860">Suit</link>&#32;suit;&#32;&#32;&#32;&#32;
<anchor xml:id="__card_8h_source_1l00117"/>00117 &#32;&#32;&#32;&#32;<emphasis role="keyword">static</emphasis>&#32;<emphasis role="keywordtype">int</emphasis>&#32;cardCount;&#32;&#32;
<anchor xml:id="__card_8h_source_1l00124"/>00124 &#32;&#32;&#32;&#32;<emphasis role="keywordtype">void</emphasis>&#32;validateValue(<emphasis role="keywordtype">int</emphasis>&#32;val);
<anchor xml:id="__card_8h_source_1l00125"/>00125 };
<anchor xml:id="__card_8h_source_1l00126"/>00126 
<anchor xml:id="__card_8h_source_1l00127"/>00127 <emphasis role="comment">//&#32;Inline&#32;method&#32;implementations</emphasis>
<anchor xml:id="__card_8h_source_1l00128"/><link linkend="_class_card_1acc9b1b81d72e09c5a70036d0b91b4b30">00128</link> <emphasis role="keyword">inline</emphasis>&#32;<emphasis role="keywordtype">int</emphasis>&#32;<link linkend="_class_card_1acc9b1b81d72e09c5a70036d0b91b4b30">Card::getValue</link>()<emphasis role="keyword">&#32;const&#32;</emphasis>{&#32;<emphasis role="keywordflow">return</emphasis>&#32;value;&#32;}
<anchor xml:id="__card_8h_source_1l00129"/><link linkend="_class_card_1acfe58701c3583e9bc86ac2fe1e323516">00129</link> <emphasis role="keyword">inline</emphasis>&#32;<link linkend="_class_card_1a5725a8e05afab8cd2f555bd81b069860">Card::Suit</link>&#32;<link linkend="_class_card_1acfe58701c3583e9bc86ac2fe1e323516">Card::getSuit</link>()<emphasis role="keyword">&#32;const&#32;</emphasis>{&#32;<emphasis role="keywordflow">return</emphasis>&#32;suit;&#32;}
<anchor xml:id="__card_8h_source_1l00130"/>00130 
<anchor xml:id="__card_8h_source_1l00131"/>00131 <emphasis role="preprocessor">#endif&#32;</emphasis><emphasis role="comment">//&#32;CARD_H</emphasis>
</programlisting></section>
