<?xml version='1.0' encoding='UTF-8' standalone='no'?>
<section xmlns="http://docbook.org/ns/docbook" version="5.0" xmlns:xlink="http://www.w3.org/1999/xlink" xml:id="__player_8h_source" xml:lang="en-US">
<title>Player.h</title>
Go to the documentation of this file.<programlisting linenumbering="unnumbered"><anchor xml:id="__player_8h_source_1l00001"/>00001 
<anchor xml:id="__player_8h_source_1l00008"/>00008 <emphasis role="preprocessor">#ifndef&#32;PLAYER_H</emphasis>
<anchor xml:id="__player_8h_source_1l00009"/>00009 <emphasis role="preprocessor">#define&#32;PLAYER_H</emphasis>
<anchor xml:id="__player_8h_source_1l00010"/>00010 
<anchor xml:id="__player_8h_source_1l00011"/>00011 <emphasis role="preprocessor">#include&#32;&lt;string&gt;</emphasis>
<anchor xml:id="__player_8h_source_1l00012"/>00012 <emphasis role="preprocessor">#include&#32;&lt;vector&gt;</emphasis>
<anchor xml:id="__player_8h_source_1l00013"/>00013 <emphasis role="preprocessor">#include&#32;&quot;<link linkend="__card_8h">Card.h</link>&quot;</emphasis>
<anchor xml:id="__player_8h_source_1l00014"/>00014 <emphasis role="preprocessor">#include&#32;&quot;<link linkend="__player_stats_8h">PlayerStats.h</link>&quot;</emphasis>
<anchor xml:id="__player_8h_source_1l00015"/>00015 
<anchor xml:id="__player_8h_source_1l00016"/>00016 <emphasis role="keyword">using&#32;namespace&#32;</emphasis>std;
<anchor xml:id="__player_8h_source_1l00017"/>00017 
<anchor xml:id="__player_8h_source_1l00023"/><link linkend="_class_player">00023</link> <emphasis role="keyword">class&#32;</emphasis><link linkend="_class_player">Player</link>&#32;{
<anchor xml:id="__player_8h_source_1l00024"/>00024 <emphasis role="keyword">public</emphasis>:
<anchor xml:id="__player_8h_source_1l00026"/>00026 &#32;&#32;&#32;<link linkend="_class_player_1affe0cc3cb714f6deb4e62f0c0d3f1fd8">Player</link>();
<anchor xml:id="__player_8h_source_1l00027"/>00027 
<anchor xml:id="__player_8h_source_1l00033"/>00033 &#32;&#32;&#32;<link linkend="_class_player_1affe0cc3cb714f6deb4e62f0c0d3f1fd8">Player</link>(<emphasis role="keyword">const</emphasis>&#32;<emphasis role="keywordtype">string</emphasis>&amp;&#32;<link linkend="_class_player_1acf0355128a99ee20ad9931b760fb2de1">name</link>,&#32;<emphasis role="keywordtype">int</emphasis>&#32;<link linkend="_class_player_1a38a3243cd8b99085446d1b235cce825c">funds</link>&#32;=&#32;1000);
<anchor xml:id="__player_8h_source_1l00034"/>00034 
<anchor xml:id="__player_8h_source_1l00036"/>00036 &#32;&#32;&#32;<emphasis role="keyword">virtual</emphasis>&#32;<link linkend="_class_player_1a749d2c00e1fe0f5c2746f7505a58c062">~Player</link>();
<anchor xml:id="__player_8h_source_1l00037"/>00037 &#32;&#32;&#32;
<anchor xml:id="__player_8h_source_1l00042"/><link linkend="_class_player_1a395de65d83d94f6298af5b5dabaf9731">00042</link> &#32;&#32;&#32;<emphasis role="keyword">virtual</emphasis>&#32;<emphasis role="keywordtype">bool</emphasis>&#32;<link linkend="_class_player_1a395de65d83d94f6298af5b5dabaf9731">wantHit</link>()&#32;=&#32;0;
<anchor xml:id="__player_8h_source_1l00043"/>00043 
<anchor xml:id="__player_8h_source_1l00045"/><link linkend="_class_player_1a9e88f13cf784a6f938256b77a69bcc65">00045</link> &#32;&#32;&#32;<emphasis role="keyword">virtual</emphasis>&#32;<emphasis role="keywordtype">void</emphasis>&#32;<link linkend="_class_player_1a9e88f13cf784a6f938256b77a69bcc65">dispHand</link>()&#32;<emphasis role="keyword">const</emphasis>&#32;=&#32;0;
<anchor xml:id="__player_8h_source_1l00046"/>00046 &#32;&#32;&#32;
<anchor xml:id="__player_8h_source_1l00051"/>00051 &#32;&#32;&#32;<emphasis role="keyword">virtual</emphasis>&#32;<emphasis role="keywordtype">void</emphasis>&#32;<link linkend="_class_player_1ad5ff3d1b054718c9e69da62dea18ab01">addCard</link>(<emphasis role="keyword">const</emphasis>&#32;<link linkend="_class_card">Card</link>&amp;&#32;card);
<anchor xml:id="__player_8h_source_1l00052"/>00052 
<anchor xml:id="__player_8h_source_1l00057"/>00057 &#32;&#32;&#32;<emphasis role="keyword">virtual</emphasis>&#32;<emphasis role="keywordtype">int</emphasis>&#32;<link linkend="_class_player_1a26f1447acb4414e57c534cd3b29c47ac">getVal</link>()&#32;<emphasis role="keyword">const</emphasis>;
<anchor xml:id="__player_8h_source_1l00058"/>00058 
<anchor xml:id="__player_8h_source_1l00063"/>00063 &#32;&#32;&#32;<emphasis role="keyword">virtual</emphasis>&#32;<emphasis role="keywordtype">bool</emphasis>&#32;<link linkend="_class_player_1ac87d002aca38e7e814d5bf6e97c432e1">isBust</link>()&#32;<emphasis role="keyword">const</emphasis>;
<anchor xml:id="__player_8h_source_1l00064"/>00064 
<anchor xml:id="__player_8h_source_1l00066"/>00066 &#32;&#32;&#32;<emphasis role="keyword">virtual</emphasis>&#32;<emphasis role="keywordtype">void</emphasis>&#32;<link linkend="_class_player_1af1dda5581f5f56c61bac0cf07a300bdd">clear</link>();
<anchor xml:id="__player_8h_source_1l00067"/>00067 &#32;&#32;&#32;
<anchor xml:id="__player_8h_source_1l00073"/>00073 &#32;&#32;&#32;<emphasis role="keywordtype">bool</emphasis>&#32;<link linkend="_class_player_1a7bd5bdcf24baf66b2f95947acb478128">setBet</link>(<emphasis role="keywordtype">int</emphasis>&#32;amt);
<anchor xml:id="__player_8h_source_1l00074"/>00074 
<anchor xml:id="__player_8h_source_1l00079"/>00079 &#32;&#32;&#32;<emphasis role="keywordtype">void</emphasis>&#32;<link linkend="_class_player_1afb68622bbe0d61b7e9c54d21217e0405">addWin</link>(<emphasis role="keywordtype">int</emphasis>&#32;amt);
<anchor xml:id="__player_8h_source_1l00080"/>00080 
<anchor xml:id="__player_8h_source_1l00085"/>00085 &#32;&#32;&#32;<emphasis role="keywordtype">void</emphasis>&#32;<link linkend="_class_player_1a7db9632e9164847ec9df66ed95efa60d">loseBet</link>(<emphasis role="keywordtype">int</emphasis>&#32;amt);
<anchor xml:id="__player_8h_source_1l00086"/>00086 
<anchor xml:id="__player_8h_source_1l00091"/>00091 &#32;&#32;&#32;<emphasis role="keywordtype">void</emphasis>&#32;<link linkend="_class_player_1aba58b095f7f82dfdc4df8a167df2695d">setFund</link>(<emphasis role="keywordtype">int</emphasis>&#32;amt);
<anchor xml:id="__player_8h_source_1l00092"/>00092 &#32;&#32;&#32;
<anchor xml:id="__player_8h_source_1l00098"/>00098 &#32;&#32;&#32;<emphasis role="keywordtype">void</emphasis>&#32;<link linkend="_class_player_1a40c5014c6f8ac87b8707c8c611987e9f">addGame</link>(<emphasis role="keywordtype">bool</emphasis>&#32;won,&#32;<emphasis role="keywordtype">int</emphasis>&#32;amt);
<anchor xml:id="__player_8h_source_1l00099"/>00099 
<anchor xml:id="__player_8h_source_1l00103"/>00103 &#32;&#32;&#32;<emphasis role="keywordtype">int</emphasis>&#32;<link linkend="_class_player_1a2d8034eb9889b2fbd6ca2e1e9de0d1f4">getRate</link>()&#32;<emphasis role="keyword">const</emphasis>;
<anchor xml:id="__player_8h_source_1l00104"/>00104 
<anchor xml:id="__player_8h_source_1l00109"/>00109 &#32;&#32;&#32;<link linkend="_class_p_stats">PStats</link>&amp;&#32;<link linkend="_class_player_1a68feb8bbe38a311b9f538e7e05e0510c">getStat</link>();
<anchor xml:id="__player_8h_source_1l00110"/>00110 &#32;&#32;&#32;
<anchor xml:id="__player_8h_source_1l00114"/>00114 &#32;&#32;&#32;<emphasis role="keywordtype">string</emphasis>&#32;<link linkend="_class_player_1a4939193fc637f75bf7a11118334dae7e">getName</link>()&#32;<emphasis role="keyword">const</emphasis>;
<anchor xml:id="__player_8h_source_1l00115"/>00115 
<anchor xml:id="__player_8h_source_1l00119"/>00119 &#32;&#32;&#32;<emphasis role="keywordtype">int</emphasis>&#32;<link linkend="_class_player_1ae0ccc5586972501fcab0f969cab3bf95">getFund</link>()&#32;<emphasis role="keyword">const</emphasis>;
<anchor xml:id="__player_8h_source_1l00120"/>00120 
<anchor xml:id="__player_8h_source_1l00124"/>00124 &#32;&#32;&#32;<emphasis role="keywordtype">int</emphasis>&#32;<link linkend="_class_player_1af72bd8540101dd0f76c4a00c6b3a7982">getBet</link>()&#32;<emphasis role="keyword">const</emphasis>;
<anchor xml:id="__player_8h_source_1l00125"/>00125 &#32;&#32;&#32;
<anchor xml:id="__player_8h_source_1l00131"/>00131 &#32;&#32;&#32;<emphasis role="keywordtype">bool</emphasis>&#32;<link linkend="_class_player_1a9cb83df3e8030640711108c5c4ffab4f">operator==</link>(<emphasis role="keyword">const</emphasis>&#32;<link linkend="_class_player">Player</link>&amp;&#32;other)&#32;<emphasis role="keyword">const</emphasis>;
<anchor xml:id="__player_8h_source_1l00132"/>00132 
<anchor xml:id="__player_8h_source_1l00138"/>00138 &#32;&#32;&#32;<emphasis role="keywordtype">bool</emphasis>&#32;<link linkend="_class_player_1a56ac1b030897173395f18c99f522827b">operator!=</link>(<emphasis role="keyword">const</emphasis>&#32;<link linkend="_class_player">Player</link>&amp;&#32;other)&#32;<emphasis role="keyword">const</emphasis>;
<anchor xml:id="__player_8h_source_1l00139"/>00139 &#32;&#32;&#32;
<anchor xml:id="__player_8h_source_1l00140"/>00140 <emphasis role="keyword">protected</emphasis>:
<anchor xml:id="__player_8h_source_1l00141"/><link linkend="_class_player_1acf0355128a99ee20ad9931b760fb2de1">00141</link> &#32;&#32;&#32;<emphasis role="keywordtype">string</emphasis>&#32;<link linkend="_class_player_1acf0355128a99ee20ad9931b760fb2de1">name</link>;&#32;&#32;&#32;&#32;&#32;&#32;&#32;&#32;
<anchor xml:id="__player_8h_source_1l00142"/><link linkend="_class_player_1a120127b3026b271cb7b1a5b82d635503">00142</link> &#32;&#32;&#32;vector&lt;Card&gt;&#32;<link linkend="_class_player_1a120127b3026b271cb7b1a5b82d635503">hand</link>;&#32;&#32;
<anchor xml:id="__player_8h_source_1l00143"/><link linkend="_class_player_1a38a3243cd8b99085446d1b235cce825c">00143</link> &#32;&#32;&#32;<emphasis role="keywordtype">int</emphasis>&#32;<link linkend="_class_player_1a38a3243cd8b99085446d1b235cce825c">funds</link>;&#32;&#32;&#32;&#32;&#32;&#32;&#32;&#32;&#32;
<anchor xml:id="__player_8h_source_1l00144"/><link linkend="_class_player_1a9ad8e498594182ced9e8091de332f6d0">00144</link> &#32;&#32;&#32;<emphasis role="keywordtype">int</emphasis>&#32;<link linkend="_class_player_1a9ad8e498594182ced9e8091de332f6d0">bet</link>;&#32;&#32;&#32;&#32;&#32;&#32;&#32;&#32;&#32;&#32;
<anchor xml:id="__player_8h_source_1l00145"/><link linkend="_class_player_1a4d0371e1f41da5ef5cd8a5a761fe5886">00145</link> &#32;&#32;&#32;<link linkend="_class_p_stats">PStats</link>&#32;<link linkend="_class_player_1a4d0371e1f41da5ef5cd8a5a761fe5886">stats</link>;&#32;&#32;&#32;&#32;&#32;
<anchor xml:id="__player_8h_source_1l00146"/>00146 };
<anchor xml:id="__player_8h_source_1l00147"/>00147 
<anchor xml:id="__player_8h_source_1l00153"/><link linkend="_class_human">00153</link> <emphasis role="keyword">class&#32;</emphasis><link linkend="_class_human">Human</link>&#32;:&#32;<emphasis role="keyword">public</emphasis>&#32;<link linkend="_class_player">Player</link>&#32;{
<anchor xml:id="__player_8h_source_1l00154"/>00154 <emphasis role="keyword">public</emphasis>:
<anchor xml:id="__player_8h_source_1l00159"/>00159 &#32;&#32;&#32;<link linkend="_class_human_1abfd57b90d90f9222384c76b44346ba7b">Human</link>(<emphasis role="keyword">const</emphasis>&#32;<emphasis role="keywordtype">string</emphasis>&amp;&#32;<link linkend="_class_player_1acf0355128a99ee20ad9931b760fb2de1">name</link>);
<anchor xml:id="__player_8h_source_1l00160"/>00160 
<anchor xml:id="__player_8h_source_1l00161"/>00161 &#32;&#32;&#32;<emphasis role="keywordtype">bool</emphasis>&#32;<link linkend="_class_human_1aa6cf22859de15a59d14bffeac4a63c5b">wantHit</link>()&#32;<emphasis role="keyword">override</emphasis>;
<anchor xml:id="__player_8h_source_1l00162"/>00162 &#32;&#32;&#32;<emphasis role="keywordtype">void</emphasis>&#32;<link linkend="_class_human_1a41589a8a97907c66a633f2aecab9c440">dispHand</link>()&#32;<emphasis role="keyword">const&#32;override</emphasis>;
<anchor xml:id="__player_8h_source_1l00163"/>00163 };
<anchor xml:id="__player_8h_source_1l00164"/>00164 
<anchor xml:id="__player_8h_source_1l00170"/><link linkend="_class_dealer">00170</link> <emphasis role="keyword">class&#32;</emphasis><link linkend="_class_dealer">Dealer</link>&#32;:&#32;<emphasis role="keyword">public</emphasis>&#32;<link linkend="_class_player">Player</link>&#32;{
<anchor xml:id="__player_8h_source_1l00171"/>00171 <emphasis role="keyword">public</emphasis>:
<anchor xml:id="__player_8h_source_1l00173"/>00173 &#32;&#32;&#32;<link linkend="_class_dealer_1a518fd02cf57eaf55e06b7754c4649a3f">Dealer</link>();
<anchor xml:id="__player_8h_source_1l00174"/>00174 
<anchor xml:id="__player_8h_source_1l00175"/>00175 &#32;&#32;&#32;<emphasis role="keywordtype">bool</emphasis>&#32;<link linkend="_class_dealer_1a832662f2a7de35cdb6c3c68259056278">wantHit</link>()&#32;<emphasis role="keyword">override</emphasis>;
<anchor xml:id="__player_8h_source_1l00176"/>00176 &#32;&#32;&#32;<emphasis role="keywordtype">void</emphasis>&#32;<link linkend="_class_dealer_1aa4a7ca18077f341fe8dfbc3e641de6f6">dispHand</link>()&#32;<emphasis role="keyword">const&#32;override</emphasis>;
<anchor xml:id="__player_8h_source_1l00177"/>00177 
<anchor xml:id="__player_8h_source_1l00179"/>00179 &#32;&#32;&#32;<emphasis role="keywordtype">void</emphasis>&#32;<link linkend="_class_dealer_1a6b2d9774b8d0cff1595f38c6f891bf77">showAll</link>()&#32;<emphasis role="keyword">const</emphasis>;
<anchor xml:id="__player_8h_source_1l00180"/>00180 };
<anchor xml:id="__player_8h_source_1l00181"/>00181 
<anchor xml:id="__player_8h_source_1l00182"/>00182 <emphasis role="preprocessor">#endif</emphasis>
</programlisting></section>
