<?xml version='1.0' encoding='UTF-8' standalone='no'?>
<section xmlns="http://docbook.org/ns/docbook" version="5.0" xmlns:xlink="http://www.w3.org/1999/xlink" xml:id="__player_stats_8h" xml:lang="en-US">
<title>PlayerStats.h File Reference</title>
<indexterm><primary>PlayerStats.h</primary></indexterm>
<para>

<para><link linkend="_class_player">Player</link> statistics tracking implementation. </para>
 
</para>
<programlisting linenumbering="unnumbered">#include &lt;string&gt;<?linebreak?></programlisting>Include dependency graph for PlayerStats.h:<para>
    <informalfigure>
        <mediaobject>
            <imageobject>
                <imagedata width="50%" align="center" valign="middle" scalefit="0" fileref="_player_stats_8h__incl.png"></imagedata>
            </imageobject>
        </mediaobject>
    </informalfigure>
</para>
This graph shows which files directly or indirectly include this file:<para>
    <informalfigure>
        <mediaobject>
            <imageobject>
                <imagedata width="50%" align="center" valign="middle" scalefit="0" fileref="_player_stats_8h__dep__incl.png"></imagedata>
            </imageobject>
        </mediaobject>
    </informalfigure>
</para>
<simplesect>
    <title>Classes    </title>
        <itemizedlist>
            <listitem><para>class <link linkend="_class_game_res">GameRes</link></para>

<para>Represents the result of a single game Stores win/loss status and amount won/lost. </para>
</listitem>
            <listitem><para>struct <link linkend="_struct_stats">Stats</link></para>

<para>Simple structure holding game statistics. </para>
</listitem>
            <listitem><para>class <link linkend="_class_p_stats">PStats</link></para>

<para><link linkend="_class_player">Player</link> statistics manager Tracks game results and calculates statistics. </para>
</listitem>
        </itemizedlist>
</simplesect>
<section>
<title>Detailed Description</title>

<para><link linkend="_class_player">Player</link> statistics tracking implementation. </para>

<para><formalpara><title>Author</title>

<para>Ireoluwa Dairo </para>
</formalpara>
<formalpara><title>Date</title>

<para>2024-11-27 </para>
</formalpara>
</para>
<para>
Definition in file <link linkend="__player_stats_8h_source">PlayerStats.h</link>.</para>
</section>
</section>
