<?xml version='1.0' encoding='UTF-8' standalone='no'?>
<section xmlns="http://docbook.org/ns/docbook" version="5.0" xmlns:xlink="http://www.w3.org/1999/xlink" xml:id="_class_game_res" xml:lang="en-US">
<title>GameRes Class Reference</title>
<indexterm><primary>GameRes</primary></indexterm>
<para>

<para>Represents the result of a single game Stores win/loss status and amount won/lost. </para>
 
</para>
<para>
<computeroutput>#include &lt;PlayerStats.h&gt;</computeroutput>
</para>
Collaboration diagram for GameRes:<para>
    <informalfigure>
        <mediaobject>
            <imageobject>
                <imagedata width="50%" align="center" valign="middle" scalefit="0" fileref="class_game_res__coll__graph.png"></imagedata>
            </imageobject>
        </mediaobject>
    </informalfigure>
</para>
<simplesect>
    <title>Public Member Functions    </title>
        <itemizedlist>
            <listitem><para>int <link linkend="_class_game_res_1a8e24d2e6c2a3455d6c13c081ad832269">getAmt</link> () const</para>

<para>Get amount won/lost. </para>
</listitem>
            <listitem><para>bool <link linkend="_class_game_res_1adad8fbe33cfe6f4f8279dee29bd0a3b7">isWin</link> () const</para>

<para>Check if game was won. </para>
</listitem>
            <listitem><para><link linkend="_class_game_res_1a52e74b78aaef74ae2aa3968ebdbb2314">GameRes</link> (bool win=false, int amt=0)</para>

<para>Constructor. </para>
</listitem>
        </itemizedlist>
</simplesect>
<section>
<title>Detailed Description</title>

<para>Represents the result of a single game Stores win/loss status and amount won/lost. </para>
<para>
Definition at line <link linkend="__player_stats_8h_source_1l00019">19</link> of file <link linkend="__player_stats_8h_source">PlayerStats.h</link>.</para>
</section>
<section>
<title>Constructor &amp; Destructor Documentation</title>
<anchor xml:id="_class_game_res_1a52e74b78aaef74ae2aa3968ebdbb2314"/><section>
    <title>GameRes()</title>
<indexterm><primary>GameRes</primary><secondary>GameRes</secondary></indexterm>
<indexterm><primary>GameRes</primary><secondary>GameRes</secondary></indexterm>
<para><computeroutput>GameRes::GameRes (bool win = <computeroutput>false</computeroutput>
, int amt = <computeroutput>0</computeroutput>
)<computeroutput>[inline]</computeroutput></computeroutput></para><para>

<para>Constructor. </para>
</para>

<para>
                <formalpara>
                    <title>
Parameters</title>
                    <para>
                    <table frame="all">
                        <tgroup cols="2" align="left" colsep="1" rowsep="1">
                        <colspec colwidth="1*"/>
                        <colspec colwidth="4*"/>
                        <tbody>
                            <row>
<entry>win</entry><entry>
<para>Whether game was won </para>
</entry>
                            </row>
                            <row>
<entry>amt</entry><entry>
<para>Amount won/lost </para>
</entry>
                            </row>
                        </tbody>
                        </tgroup>
                    </table>
                    </para>
                </formalpara>
                </para>
<para>
Definition at line <link linkend="__player_stats_8h_source_1l00038">38</link> of file <link linkend="__player_stats_8h_source">PlayerStats.h</link>.</para>
</section>
</section>
<section>
<title>Member Function Documentation</title>
<anchor xml:id="_class_game_res_1a8e24d2e6c2a3455d6c13c081ad832269"/><section>
    <title>getAmt()</title>
<indexterm><primary>getAmt</primary><secondary>GameRes</secondary></indexterm>
<indexterm><primary>GameRes</primary><secondary>getAmt</secondary></indexterm>
<para><computeroutput>int GameRes::getAmt ( ) const<computeroutput>[inline]</computeroutput></computeroutput></para><para>

<para>Get amount won/lost. </para>
</para>

<para><formalpara><title>Returns</title>

<para>int Amount from game result </para>
</formalpara>
</para>
<para>
Definition at line <link linkend="__player_stats_8h_source_1l00025">25</link> of file <link linkend="__player_stats_8h_source">PlayerStats.h</link>.</para>
</section>
<anchor xml:id="_class_game_res_1adad8fbe33cfe6f4f8279dee29bd0a3b7"/><section>
    <title>isWin()</title>
<indexterm><primary>isWin</primary><secondary>GameRes</secondary></indexterm>
<indexterm><primary>GameRes</primary><secondary>isWin</secondary></indexterm>
<para><computeroutput>bool GameRes::isWin ( ) const<computeroutput>[inline]</computeroutput></computeroutput></para><para>

<para>Check if game was won. </para>
</para>

<para><formalpara><title>Returns</title>

<para>bool True if game was won </para>
</formalpara>
</para>
<para>
Definition at line <link linkend="__player_stats_8h_source_1l00031">31</link> of file <link linkend="__player_stats_8h_source">PlayerStats.h</link>.</para>
Here is the caller graph for this function:<para>
    <informalfigure>
        <mediaobject>
            <imageobject>
                <imagedata width="50%" align="center" valign="middle" scalefit="0" fileref="class_game_res_adad8fbe33cfe6f4f8279dee29bd0a3b7_icgraph.png"></imagedata>
            </imageobject>
        </mediaobject>
    </informalfigure>
</para>
</section>
<para>
The documentation for this class was generated from the following file:</para>
<link linkend="__player_stats_8h">PlayerStats.h</link></section>
</section>
