<?xml version='1.0' encoding='UTF-8' standalone='no'?>
<section xmlns="http://docbook.org/ns/docbook" version="5.0" xmlns:xlink="http://www.w3.org/1999/xlink" xml:id="__black_jack_game_8cpp_source" xml:lang="en-US">
<title>BlackJackGame.cpp</title>
Go to the documentation of this file.<programlisting linenumbering="unnumbered"><anchor xml:id="__black_jack_game_8cpp_source_1l00001"/>00001 
<anchor xml:id="__black_jack_game_8cpp_source_1l00008"/>00008 <emphasis role="preprocessor">#include&#32;&quot;<link linkend="__black_jack_game_8h">BlackjackGame.h</link>&quot;</emphasis>
<anchor xml:id="__black_jack_game_8cpp_source_1l00009"/>00009 <emphasis role="preprocessor">#include&#32;&lt;iostream&gt;</emphasis>
<anchor xml:id="__black_jack_game_8cpp_source_1l00010"/>00010 <emphasis role="preprocessor">#include&#32;&lt;cstring&gt;</emphasis>
<anchor xml:id="__black_jack_game_8cpp_source_1l00011"/>00011 <emphasis role="keyword">using&#32;namespace&#32;</emphasis>std;
<anchor xml:id="__black_jack_game_8cpp_source_1l00012"/>00012 
<anchor xml:id="__black_jack_game_8cpp_source_1l00014"/>00014 <link linkend="_class_game">Game</link>*&#32;Game::inst&#32;=&#32;<emphasis role="keyword">nullptr</emphasis>;
<anchor xml:id="__black_jack_game_8cpp_source_1l00015"/>00015 
<anchor xml:id="__black_jack_game_8cpp_source_1l00021"/><link linkend="_class_game_1a9b5d5cc069f5d6f874d8be75ae319d1d">00021</link> <link linkend="_class_game">Game</link>&amp;&#32;<link linkend="_class_game_1a9b5d5cc069f5d6f874d8be75ae319d1d">Game::get</link>()&#32;{
<anchor xml:id="__black_jack_game_8cpp_source_1l00022"/>00022 &#32;&#32;&#32;<emphasis role="keywordflow">if</emphasis>&#32;(!inst)&#32;{
<anchor xml:id="__black_jack_game_8cpp_source_1l00023"/>00023 &#32;&#32;&#32;&#32;&#32;&#32;&#32;inst&#32;=&#32;<emphasis role="keyword">new</emphasis>&#32;<link linkend="_class_game">Game</link>();
<anchor xml:id="__black_jack_game_8cpp_source_1l00024"/>00024 &#32;&#32;&#32;}
<anchor xml:id="__black_jack_game_8cpp_source_1l00025"/>00025 &#32;&#32;&#32;<emphasis role="keywordflow">return</emphasis>&#32;*inst;
<anchor xml:id="__black_jack_game_8cpp_source_1l00026"/>00026 }
<anchor xml:id="__black_jack_game_8cpp_source_1l00027"/>00027 
<anchor xml:id="__black_jack_game_8cpp_source_1l00032"/>00032 Game::Game()&#32;:&#32;deck(6)&#32;{
<anchor xml:id="__black_jack_game_8cpp_source_1l00033"/>00033 &#32;&#32;&#32;init();
<anchor xml:id="__black_jack_game_8cpp_source_1l00034"/>00034 }
<anchor xml:id="__black_jack_game_8cpp_source_1l00035"/>00035 
<anchor xml:id="__black_jack_game_8cpp_source_1l00040"/>00040 Game::~Game()&#32;{
<anchor xml:id="__black_jack_game_8cpp_source_1l00041"/>00041 &#32;&#32;&#32;saveGame();
<anchor xml:id="__black_jack_game_8cpp_source_1l00042"/>00042 &#32;&#32;&#32;<emphasis role="keyword">delete</emphasis>&#32;inst;
<anchor xml:id="__black_jack_game_8cpp_source_1l00043"/>00043 &#32;&#32;&#32;inst&#32;=&#32;<emphasis role="keyword">nullptr</emphasis>;
<anchor xml:id="__black_jack_game_8cpp_source_1l00044"/>00044 }
<anchor xml:id="__black_jack_game_8cpp_source_1l00045"/>00045 
<anchor xml:id="__black_jack_game_8cpp_source_1l00050"/><link linkend="_class_game_1a3d9b98f7c4a96ecf578f75b96c9f0e90">00050</link> <emphasis role="keywordtype">void</emphasis>&#32;<link linkend="_class_game_1a3d9b98f7c4a96ecf578f75b96c9f0e90">Game::start</link>()&#32;{
<anchor xml:id="__black_jack_game_8cpp_source_1l00051"/>00051 &#32;&#32;&#32;init();
<anchor xml:id="__black_jack_game_8cpp_source_1l00052"/>00052 &#32;&#32;&#32;mainLoop();
<anchor xml:id="__black_jack_game_8cpp_source_1l00053"/>00053 &#32;&#32;&#32;saveGame();
<anchor xml:id="__black_jack_game_8cpp_source_1l00054"/>00054 }
<anchor xml:id="__black_jack_game_8cpp_source_1l00055"/>00055 
<anchor xml:id="__black_jack_game_8cpp_source_1l00060"/>00060 <emphasis role="keywordtype">void</emphasis>&#32;Game::init()&#32;{
<anchor xml:id="__black_jack_game_8cpp_source_1l00061"/>00061 &#32;&#32;&#32;<emphasis role="keywordtype">char</emphasis>&#32;choice;
<anchor xml:id="__black_jack_game_8cpp_source_1l00062"/>00062 &#32;&#32;&#32;<emphasis role="keywordflow">do</emphasis>&#32;{
<anchor xml:id="__black_jack_game_8cpp_source_1l00063"/>00063 &#32;&#32;&#32;&#32;&#32;&#32;&#32;cout&#32;&lt;&lt;&#32;<emphasis role="stringliteral">&quot;Load&#32;game?&#32;(y/n):&#32;&quot;</emphasis>;
<anchor xml:id="__black_jack_game_8cpp_source_1l00064"/>00064 &#32;&#32;&#32;&#32;&#32;&#32;&#32;cin&#32;&gt;&gt;&#32;choice;
<anchor xml:id="__black_jack_game_8cpp_source_1l00065"/>00065 &#32;&#32;&#32;&#32;&#32;&#32;&#32;cin.ignore();
<anchor xml:id="__black_jack_game_8cpp_source_1l00066"/>00066 &#32;&#32;&#32;}&#32;<emphasis role="keywordflow">while</emphasis>&#32;(choice&#32;!=&#32;<emphasis role="charliteral">&apos;y&apos;</emphasis>&#32;&amp;&amp;&#32;choice&#32;!=&#32;<emphasis role="charliteral">&apos;n&apos;</emphasis>);
<anchor xml:id="__black_jack_game_8cpp_source_1l00067"/>00067 &#32;&#32;&#32;
<anchor xml:id="__black_jack_game_8cpp_source_1l00068"/>00068 &#32;&#32;&#32;<emphasis role="keywordflow">if</emphasis>&#32;(choice&#32;==&#32;<emphasis role="charliteral">&apos;y&apos;</emphasis>)&#32;{
<anchor xml:id="__black_jack_game_8cpp_source_1l00069"/>00069 &#32;&#32;&#32;&#32;&#32;&#32;&#32;loadGame();
<anchor xml:id="__black_jack_game_8cpp_source_1l00070"/>00070 &#32;&#32;&#32;}&#32;<emphasis role="keywordflow">else</emphasis>&#32;{
<anchor xml:id="__black_jack_game_8cpp_source_1l00071"/>00071 &#32;&#32;&#32;&#32;&#32;&#32;&#32;newGame();
<anchor xml:id="__black_jack_game_8cpp_source_1l00072"/>00072 &#32;&#32;&#32;}
<anchor xml:id="__black_jack_game_8cpp_source_1l00073"/>00073 }
<anchor xml:id="__black_jack_game_8cpp_source_1l00074"/>00074 
<anchor xml:id="__black_jack_game_8cpp_source_1l00079"/>00079 <emphasis role="keywordtype">void</emphasis>&#32;Game::loadGame()&#32;{
<anchor xml:id="__black_jack_game_8cpp_source_1l00080"/>00080 &#32;&#32;&#32;&#32;<emphasis role="keywordflow">do</emphasis>&#32;{
<anchor xml:id="__black_jack_game_8cpp_source_1l00081"/>00081 &#32;&#32;&#32;&#32;&#32;&#32;&#32;&#32;cout&#32;&lt;&lt;&#32;<emphasis role="stringliteral">&quot;Enter&#32;username:&#32;&quot;</emphasis>;
<anchor xml:id="__black_jack_game_8cpp_source_1l00082"/>00082 &#32;&#32;&#32;&#32;&#32;&#32;&#32;&#32;getline(cin,&#32;user);
<anchor xml:id="__black_jack_game_8cpp_source_1l00083"/>00083 &#32;&#32;&#32;&#32;}&#32;<emphasis role="keywordflow">while</emphasis>&#32;(!<link linkend="_class_save_game_1abf8a728e1a1a764a838a1456f0c35ef5">SaveGame::valid</link>(user));
<anchor xml:id="__black_jack_game_8cpp_source_1l00084"/>00084 &#32;&#32;&#32;&#32;
<anchor xml:id="__black_jack_game_8cpp_source_1l00085"/>00085 &#32;&#32;&#32;&#32;<emphasis role="keywordflow">if</emphasis>&#32;(<link linkend="_class_save_game_1aee1d61f41270f9256f47a858e00db05a">SaveGame::load</link>(save,&#32;user))&#32;{
<anchor xml:id="__black_jack_game_8cpp_source_1l00086"/>00086 &#32;&#32;&#32;&#32;&#32;&#32;&#32;&#32;plyr&#32;=&#32;make_unique&lt;Human&gt;(save.<link linkend="_struct_save_1a87d4df2d25c8c7845cc8e2b31c3cf8c6">name</link>);
<anchor xml:id="__black_jack_game_8cpp_source_1l00087"/>00087 &#32;&#32;&#32;&#32;&#32;&#32;&#32;&#32;plyr-&gt;setFund(save.<link linkend="_struct_save_1a59f394a05cbf44ae85e90576e6cb34e2">funds</link>);
<anchor xml:id="__black_jack_game_8cpp_source_1l00088"/>00088 &#32;&#32;&#32;&#32;&#32;&#32;&#32;&#32;plyr-&gt;getStat().setAll(save.<link linkend="_struct_save_1a66849c66e30e65542ac629864d9b3da9">gmsAll</link>,&#32;save.<link linkend="_struct_save_1a97a5d9075e6b9d2e4887d08a9815144d">winsAll</link>);
<anchor xml:id="__black_jack_game_8cpp_source_1l00089"/>00089 &#32;&#32;&#32;&#32;&#32;&#32;&#32;&#32;dlr&#32;=&#32;make_unique&lt;Dealer&gt;();
<anchor xml:id="__black_jack_game_8cpp_source_1l00090"/>00090 &#32;&#32;&#32;&#32;&#32;&#32;&#32;&#32;
<anchor xml:id="__black_jack_game_8cpp_source_1l00091"/>00091 &#32;&#32;&#32;&#32;&#32;&#32;&#32;&#32;cout&#32;&lt;&lt;&#32;<emphasis role="stringliteral">&quot;\nWelcome&#32;back&#32;&quot;</emphasis>&#32;&lt;&lt;&#32;save.<link linkend="_struct_save_1a87d4df2d25c8c7845cc8e2b31c3cf8c6">name</link>&#32;&lt;&lt;&#32;<emphasis role="stringliteral">&quot;!\n&quot;</emphasis>;
<anchor xml:id="__black_jack_game_8cpp_source_1l00092"/>00092 &#32;&#32;&#32;&#32;&#32;&#32;&#32;&#32;cout&#32;&lt;&lt;&#32;<emphasis role="stringliteral">&quot;Funds:&#32;$&quot;</emphasis>&#32;&lt;&lt;&#32;save.<link linkend="_struct_save_1a59f394a05cbf44ae85e90576e6cb34e2">funds</link>&#32;&lt;&lt;&#32;<emphasis role="stringliteral">&quot;\n&quot;</emphasis>;
<anchor xml:id="__black_jack_game_8cpp_source_1l00093"/>00093 &#32;&#32;&#32;&#32;&#32;&#32;&#32;&#32;cout&#32;&lt;&lt;&#32;<emphasis role="stringliteral">&quot;Wins:&#32;&quot;</emphasis>&#32;&lt;&lt;&#32;save.<link linkend="_struct_save_1a6645464a8d38439095ec57b31ed264cb">wins</link>&#32;&lt;&lt;&#32;<emphasis role="stringliteral">&quot;\n&quot;</emphasis>;
<anchor xml:id="__black_jack_game_8cpp_source_1l00094"/>00094 &#32;&#32;&#32;&#32;&#32;&#32;&#32;&#32;cout&#32;&lt;&lt;&#32;<emphasis role="stringliteral">&quot;Games:&#32;&quot;</emphasis>&#32;&lt;&lt;&#32;save.<link linkend="_struct_save_1a590de8d98933b1fa1181b5df23fdf80c">games</link>&#32;&lt;&lt;&#32;<emphasis role="stringliteral">&quot;\n&quot;</emphasis>;
<anchor xml:id="__black_jack_game_8cpp_source_1l00095"/>00095 &#32;&#32;&#32;&#32;&#32;&#32;&#32;&#32;
<anchor xml:id="__black_jack_game_8cpp_source_1l00096"/>00096 &#32;&#32;&#32;&#32;&#32;&#32;&#32;&#32;<emphasis role="keywordtype">char</emphasis>&#32;show;
<anchor xml:id="__black_jack_game_8cpp_source_1l00097"/>00097 &#32;&#32;&#32;&#32;&#32;&#32;&#32;&#32;cout&#32;&lt;&lt;&#32;<emphasis role="stringliteral">&quot;\nView&#32;win&#32;rate?&#32;(y/n):&#32;&quot;</emphasis>;
<anchor xml:id="__black_jack_game_8cpp_source_1l00098"/>00098 &#32;&#32;&#32;&#32;&#32;&#32;&#32;&#32;cin&#32;&gt;&gt;&#32;show;
<anchor xml:id="__black_jack_game_8cpp_source_1l00099"/>00099 &#32;&#32;&#32;&#32;&#32;&#32;&#32;&#32;cin.ignore();
<anchor xml:id="__black_jack_game_8cpp_source_1l00100"/>00100 &#32;&#32;&#32;&#32;&#32;&#32;&#32;&#32;
<anchor xml:id="__black_jack_game_8cpp_source_1l00101"/>00101 &#32;&#32;&#32;&#32;&#32;&#32;&#32;&#32;<emphasis role="keywordflow">if</emphasis>&#32;(show&#32;==&#32;<emphasis role="charliteral">&apos;y&apos;</emphasis>&#32;||&#32;show&#32;==&#32;<emphasis role="charliteral">&apos;Y&apos;</emphasis>)&#32;{
<anchor xml:id="__black_jack_game_8cpp_source_1l00102"/>00102 &#32;&#32;&#32;&#32;&#32;&#32;&#32;&#32;&#32;&#32;&#32;&#32;cout&#32;&lt;&lt;&#32;<emphasis role="stringliteral">&quot;Win&#32;Rate:&#32;&quot;</emphasis>&#32;&lt;&lt;&#32;plyr-&gt;getRate()&#32;&lt;&lt;&#32;<emphasis role="stringliteral">&quot;%\n\n&quot;</emphasis>;
<anchor xml:id="__black_jack_game_8cpp_source_1l00103"/>00103 &#32;&#32;&#32;&#32;&#32;&#32;&#32;&#32;}
<anchor xml:id="__black_jack_game_8cpp_source_1l00104"/>00104 
<anchor xml:id="__black_jack_game_8cpp_source_1l00105"/>00105 &#32;&#32;&#32;&#32;&#32;&#32;&#32;&#32;<emphasis role="keywordflow">if</emphasis>&#32;(save.<link linkend="_struct_save_1a59f394a05cbf44ae85e90576e6cb34e2">funds</link>&#32;==&#32;0)&#32;{
<anchor xml:id="__black_jack_game_8cpp_source_1l00106"/>00106 &#32;&#32;&#32;&#32;&#32;&#32;&#32;&#32;&#32;&#32;&#32;&#32;<emphasis role="keywordtype">char</emphasis>&#32;pick;
<anchor xml:id="__black_jack_game_8cpp_source_1l00107"/>00107 &#32;&#32;&#32;&#32;&#32;&#32;&#32;&#32;&#32;&#32;&#32;&#32;cout&#32;&lt;&lt;&#32;<emphasis role="stringliteral">&quot;\nYou&#32;have&#32;$0!\n&quot;</emphasis>;
<anchor xml:id="__black_jack_game_8cpp_source_1l00108"/>00108 &#32;&#32;&#32;&#32;&#32;&#32;&#32;&#32;&#32;&#32;&#32;&#32;cout&#32;&lt;&lt;&#32;<emphasis role="stringliteral">&quot;Start&#32;with&#32;$1000?&#32;(y/n):&#32;&quot;</emphasis>;
<anchor xml:id="__black_jack_game_8cpp_source_1l00109"/>00109 &#32;&#32;&#32;&#32;&#32;&#32;&#32;&#32;&#32;&#32;&#32;&#32;cin&#32;&gt;&gt;&#32;pick;
<anchor xml:id="__black_jack_game_8cpp_source_1l00110"/>00110 &#32;&#32;&#32;&#32;&#32;&#32;&#32;&#32;&#32;&#32;&#32;&#32;cin.ignore();
<anchor xml:id="__black_jack_game_8cpp_source_1l00111"/>00111 &#32;&#32;&#32;&#32;&#32;&#32;&#32;&#32;&#32;&#32;&#32;&#32;
<anchor xml:id="__black_jack_game_8cpp_source_1l00112"/>00112 &#32;&#32;&#32;&#32;&#32;&#32;&#32;&#32;&#32;&#32;&#32;&#32;<emphasis role="keywordflow">if</emphasis>&#32;(pick&#32;==&#32;<emphasis role="charliteral">&apos;y&apos;</emphasis>&#32;||&#32;pick&#32;==&#32;<emphasis role="charliteral">&apos;Y&apos;</emphasis>)&#32;{
<anchor xml:id="__black_jack_game_8cpp_source_1l00113"/>00113 &#32;&#32;&#32;&#32;&#32;&#32;&#32;&#32;&#32;&#32;&#32;&#32;&#32;&#32;&#32;&#32;plyr-&gt;setFund(1000);
<anchor xml:id="__black_jack_game_8cpp_source_1l00114"/>00114 &#32;&#32;&#32;&#32;&#32;&#32;&#32;&#32;&#32;&#32;&#32;&#32;&#32;&#32;&#32;&#32;save.<link linkend="_struct_save_1a59f394a05cbf44ae85e90576e6cb34e2">funds</link>&#32;=&#32;1000;
<anchor xml:id="__black_jack_game_8cpp_source_1l00115"/>00115 &#32;&#32;&#32;&#32;&#32;&#32;&#32;&#32;&#32;&#32;&#32;&#32;&#32;&#32;&#32;&#32;saveGame();
<anchor xml:id="__black_jack_game_8cpp_source_1l00116"/>00116 &#32;&#32;&#32;&#32;&#32;&#32;&#32;&#32;&#32;&#32;&#32;&#32;&#32;&#32;&#32;&#32;cout&#32;&lt;&lt;&#32;<emphasis role="stringliteral">&quot;\nRefreshed!&#32;Balance:&#32;$1000\n&quot;</emphasis>;
<anchor xml:id="__black_jack_game_8cpp_source_1l00117"/>00117 &#32;&#32;&#32;&#32;&#32;&#32;&#32;&#32;&#32;&#32;&#32;&#32;}&#32;<emphasis role="keywordflow">else</emphasis>&#32;{
<anchor xml:id="__black_jack_game_8cpp_source_1l00118"/>00118 &#32;&#32;&#32;&#32;&#32;&#32;&#32;&#32;&#32;&#32;&#32;&#32;&#32;&#32;&#32;&#32;cout&#32;&lt;&lt;&#32;<emphasis role="stringliteral">&quot;\nNo&#32;funds.&#32;Game&#32;Over!\n&quot;</emphasis>;
<anchor xml:id="__black_jack_game_8cpp_source_1l00119"/>00119 &#32;&#32;&#32;&#32;&#32;&#32;&#32;&#32;&#32;&#32;&#32;&#32;&#32;&#32;&#32;&#32;exit(0);
<anchor xml:id="__black_jack_game_8cpp_source_1l00120"/>00120 &#32;&#32;&#32;&#32;&#32;&#32;&#32;&#32;&#32;&#32;&#32;&#32;}
<anchor xml:id="__black_jack_game_8cpp_source_1l00121"/>00121 &#32;&#32;&#32;&#32;&#32;&#32;&#32;&#32;}
<anchor xml:id="__black_jack_game_8cpp_source_1l00122"/>00122 &#32;&#32;&#32;&#32;}&#32;<emphasis role="keywordflow">else</emphasis>&#32;{
<anchor xml:id="__black_jack_game_8cpp_source_1l00123"/>00123 &#32;&#32;&#32;&#32;&#32;&#32;&#32;&#32;cout&#32;&lt;&lt;&#32;<emphasis role="stringliteral">&quot;No&#32;save&#32;found.\n&quot;</emphasis>;
<anchor xml:id="__black_jack_game_8cpp_source_1l00124"/>00124 &#32;&#32;&#32;&#32;&#32;&#32;&#32;&#32;newGame();
<anchor xml:id="__black_jack_game_8cpp_source_1l00125"/>00125 &#32;&#32;&#32;&#32;}
<anchor xml:id="__black_jack_game_8cpp_source_1l00126"/>00126 }
<anchor xml:id="__black_jack_game_8cpp_source_1l00127"/>00127 
<anchor xml:id="__black_jack_game_8cpp_source_1l00132"/>00132 <emphasis role="keywordtype">void</emphasis>&#32;Game::newGame()&#32;{
<anchor xml:id="__black_jack_game_8cpp_source_1l00133"/>00133 &#32;&#32;&#32;&#32;<emphasis role="keywordflow">do</emphasis>&#32;{
<anchor xml:id="__black_jack_game_8cpp_source_1l00134"/>00134 &#32;&#32;&#32;&#32;&#32;&#32;&#32;&#32;cout&#32;&lt;&lt;&#32;<emphasis role="stringliteral">&quot;Enter&#32;new&#32;username:&#32;&quot;</emphasis>;
<anchor xml:id="__black_jack_game_8cpp_source_1l00135"/>00135 &#32;&#32;&#32;&#32;&#32;&#32;&#32;&#32;getline(cin,&#32;user);
<anchor xml:id="__black_jack_game_8cpp_source_1l00136"/>00136 &#32;&#32;&#32;&#32;}&#32;<emphasis role="keywordflow">while</emphasis>&#32;(!<link linkend="_class_save_game_1abf8a728e1a1a764a838a1456f0c35ef5">SaveGame::valid</link>(user));
<anchor xml:id="__black_jack_game_8cpp_source_1l00137"/>00137 &#32;&#32;&#32;&#32;
<anchor xml:id="__black_jack_game_8cpp_source_1l00138"/>00138 &#32;&#32;&#32;&#32;strncpy(save.<link linkend="_struct_save_1a87d4df2d25c8c7845cc8e2b31c3cf8c6">name</link>,&#32;user.c_str(),&#32;29);
<anchor xml:id="__black_jack_game_8cpp_source_1l00139"/>00139 &#32;&#32;&#32;&#32;save.<link linkend="_struct_save_1a87d4df2d25c8c7845cc8e2b31c3cf8c6">name</link>[29]&#32;=&#32;<emphasis role="charliteral">&apos;\0&apos;</emphasis>;
<anchor xml:id="__black_jack_game_8cpp_source_1l00140"/>00140 &#32;&#32;&#32;&#32;save.<link linkend="_struct_save_1a59f394a05cbf44ae85e90576e6cb34e2">funds</link>&#32;=&#32;1000;
<anchor xml:id="__black_jack_game_8cpp_source_1l00141"/>00141 &#32;&#32;&#32;&#32;save.<link linkend="_struct_save_1a6645464a8d38439095ec57b31ed264cb">wins</link>&#32;=&#32;0;
<anchor xml:id="__black_jack_game_8cpp_source_1l00142"/>00142 &#32;&#32;&#32;&#32;save.<link linkend="_struct_save_1a590de8d98933b1fa1181b5df23fdf80c">games</link>&#32;=&#32;0;
<anchor xml:id="__black_jack_game_8cpp_source_1l00143"/>00143 &#32;&#32;&#32;&#32;save.<link linkend="_struct_save_1a66849c66e30e65542ac629864d9b3da9">gmsAll</link>&#32;=&#32;0;
<anchor xml:id="__black_jack_game_8cpp_source_1l00144"/>00144 &#32;&#32;&#32;&#32;save.<link linkend="_struct_save_1a97a5d9075e6b9d2e4887d08a9815144d">winsAll</link>&#32;=&#32;0;
<anchor xml:id="__black_jack_game_8cpp_source_1l00145"/>00145 &#32;&#32;&#32;&#32;
<anchor xml:id="__black_jack_game_8cpp_source_1l00146"/>00146 &#32;&#32;&#32;&#32;plyr&#32;=&#32;make_unique&lt;Human&gt;(user);
<anchor xml:id="__black_jack_game_8cpp_source_1l00147"/>00147 &#32;&#32;&#32;&#32;dlr&#32;=&#32;make_unique&lt;Dealer&gt;();
<anchor xml:id="__black_jack_game_8cpp_source_1l00148"/>00148 &#32;&#32;&#32;&#32;
<anchor xml:id="__black_jack_game_8cpp_source_1l00149"/>00149 &#32;&#32;&#32;&#32;cout&#32;&lt;&lt;&#32;<emphasis role="stringliteral">&quot;\nWelcome&#32;&quot;</emphasis>&#32;&lt;&lt;&#32;user&#32;&lt;&lt;&#32;<emphasis role="stringliteral">&quot;!\n&quot;</emphasis>;
<anchor xml:id="__black_jack_game_8cpp_source_1l00150"/>00150 &#32;&#32;&#32;&#32;cout&#32;&lt;&lt;&#32;<emphasis role="stringliteral">&quot;Starting&#32;funds:&#32;$&quot;</emphasis>&#32;&lt;&lt;&#32;save.<link linkend="_struct_save_1a59f394a05cbf44ae85e90576e6cb34e2">funds</link>&#32;&lt;&lt;&#32;<emphasis role="stringliteral">&quot;\n\n&quot;</emphasis>;
<anchor xml:id="__black_jack_game_8cpp_source_1l00151"/>00151 }
<anchor xml:id="__black_jack_game_8cpp_source_1l00152"/>00152 
<anchor xml:id="__black_jack_game_8cpp_source_1l00157"/>00157 <emphasis role="keywordtype">void</emphasis>&#32;Game::deal()&#32;{
<anchor xml:id="__black_jack_game_8cpp_source_1l00158"/>00158 &#32;&#32;&#32;&#32;plyr-&gt;addCard(deck.<link linkend="_class_deck_1a08384299dc4e9ebdf3d10db7ef118753">drawCard</link>());
<anchor xml:id="__black_jack_game_8cpp_source_1l00159"/>00159 &#32;&#32;&#32;&#32;dlr-&gt;addCard(deck.<link linkend="_class_deck_1a08384299dc4e9ebdf3d10db7ef118753">drawCard</link>());
<anchor xml:id="__black_jack_game_8cpp_source_1l00160"/>00160 &#32;&#32;&#32;&#32;plyr-&gt;addCard(deck.<link linkend="_class_deck_1a08384299dc4e9ebdf3d10db7ef118753">drawCard</link>());
<anchor xml:id="__black_jack_game_8cpp_source_1l00161"/>00161 &#32;&#32;&#32;&#32;dlr-&gt;addCard(deck.<link linkend="_class_deck_1a08384299dc4e9ebdf3d10db7ef118753">drawCard</link>());
<anchor xml:id="__black_jack_game_8cpp_source_1l00162"/>00162 &#32;&#32;&#32;&#32;
<anchor xml:id="__black_jack_game_8cpp_source_1l00163"/>00163 &#32;&#32;&#32;&#32;plyr-&gt;dispHand();
<anchor xml:id="__black_jack_game_8cpp_source_1l00164"/>00164 &#32;&#32;&#32;&#32;dlr-&gt;dispHand();
<anchor xml:id="__black_jack_game_8cpp_source_1l00165"/>00165 }
<anchor xml:id="__black_jack_game_8cpp_source_1l00166"/>00166 
<anchor xml:id="__black_jack_game_8cpp_source_1l00171"/>00171 <emphasis role="keywordtype">void</emphasis>&#32;Game::plyrTurn()&#32;{
<anchor xml:id="__black_jack_game_8cpp_source_1l00172"/>00172 &#32;&#32;&#32;&#32;<emphasis role="keywordflow">while</emphasis>&#32;(!plyr-&gt;isBust()&#32;&amp;&amp;&#32;plyr-&gt;wantHit())&#32;{
<anchor xml:id="__black_jack_game_8cpp_source_1l00173"/>00173 &#32;&#32;&#32;&#32;&#32;&#32;&#32;&#32;plyr-&gt;addCard(deck.<link linkend="_class_deck_1a08384299dc4e9ebdf3d10db7ef118753">drawCard</link>());
<anchor xml:id="__black_jack_game_8cpp_source_1l00174"/>00174 &#32;&#32;&#32;&#32;&#32;&#32;&#32;&#32;plyr-&gt;dispHand();
<anchor xml:id="__black_jack_game_8cpp_source_1l00175"/>00175 &#32;&#32;&#32;&#32;&#32;&#32;&#32;&#32;
<anchor xml:id="__black_jack_game_8cpp_source_1l00176"/>00176 &#32;&#32;&#32;&#32;&#32;&#32;&#32;&#32;<emphasis role="keywordflow">if</emphasis>&#32;(plyr-&gt;isBust())&#32;{
<anchor xml:id="__black_jack_game_8cpp_source_1l00177"/>00177 &#32;&#32;&#32;&#32;&#32;&#32;&#32;&#32;&#32;&#32;&#32;&#32;cout&#32;&lt;&lt;&#32;<emphasis role="stringliteral">&quot;\nBust!\n&quot;</emphasis>;
<anchor xml:id="__black_jack_game_8cpp_source_1l00178"/>00178 &#32;&#32;&#32;&#32;&#32;&#32;&#32;&#32;}
<anchor xml:id="__black_jack_game_8cpp_source_1l00179"/>00179 &#32;&#32;&#32;&#32;}
<anchor xml:id="__black_jack_game_8cpp_source_1l00180"/>00180 }
<anchor xml:id="__black_jack_game_8cpp_source_1l00181"/>00181 
<anchor xml:id="__black_jack_game_8cpp_source_1l00186"/>00186 <emphasis role="keywordtype">void</emphasis>&#32;Game::dlrTurn()&#32;{
<anchor xml:id="__black_jack_game_8cpp_source_1l00187"/>00187 &#32;&#32;&#32;&#32;dlr-&gt;showAll();
<anchor xml:id="__black_jack_game_8cpp_source_1l00188"/>00188 &#32;&#32;&#32;&#32;
<anchor xml:id="__black_jack_game_8cpp_source_1l00189"/>00189 &#32;&#32;&#32;&#32;<emphasis role="keywordflow">while</emphasis>&#32;(dlr-&gt;wantHit())&#32;{
<anchor xml:id="__black_jack_game_8cpp_source_1l00190"/>00190 &#32;&#32;&#32;&#32;&#32;&#32;&#32;&#32;dlr-&gt;addCard(deck.<link linkend="_class_deck_1a08384299dc4e9ebdf3d10db7ef118753">drawCard</link>());
<anchor xml:id="__black_jack_game_8cpp_source_1l00191"/>00191 &#32;&#32;&#32;&#32;&#32;&#32;&#32;&#32;dlr-&gt;showAll();
<anchor xml:id="__black_jack_game_8cpp_source_1l00192"/>00192 &#32;&#32;&#32;&#32;&#32;&#32;&#32;&#32;
<anchor xml:id="__black_jack_game_8cpp_source_1l00193"/>00193 &#32;&#32;&#32;&#32;&#32;&#32;&#32;&#32;<emphasis role="keywordflow">if</emphasis>&#32;(dlr-&gt;isBust())&#32;{
<anchor xml:id="__black_jack_game_8cpp_source_1l00194"/>00194 &#32;&#32;&#32;&#32;&#32;&#32;&#32;&#32;&#32;&#32;&#32;&#32;cout&#32;&lt;&lt;&#32;<emphasis role="stringliteral">&quot;\nDealer&#32;busts!\n&quot;</emphasis>;
<anchor xml:id="__black_jack_game_8cpp_source_1l00195"/>00195 &#32;&#32;&#32;&#32;&#32;&#32;&#32;&#32;}
<anchor xml:id="__black_jack_game_8cpp_source_1l00196"/>00196 &#32;&#32;&#32;&#32;}
<anchor xml:id="__black_jack_game_8cpp_source_1l00197"/>00197 }
<anchor xml:id="__black_jack_game_8cpp_source_1l00198"/>00198 
<anchor xml:id="__black_jack_game_8cpp_source_1l00203"/>00203 <emphasis role="keywordtype">void</emphasis>&#32;Game::endRound()&#32;{
<anchor xml:id="__black_jack_game_8cpp_source_1l00204"/>00204 &#32;&#32;&#32;&#32;dlr-&gt;showAll();
<anchor xml:id="__black_jack_game_8cpp_source_1l00205"/>00205 &#32;&#32;&#32;&#32;
<anchor xml:id="__black_jack_game_8cpp_source_1l00206"/>00206 &#32;&#32;&#32;&#32;<emphasis role="keywordtype">int</emphasis>&#32;pVal&#32;=&#32;plyr-&gt;getVal();
<anchor xml:id="__black_jack_game_8cpp_source_1l00207"/>00207 &#32;&#32;&#32;&#32;<emphasis role="keywordtype">int</emphasis>&#32;dVal&#32;=&#32;dlr-&gt;getVal();
<anchor xml:id="__black_jack_game_8cpp_source_1l00208"/>00208 &#32;&#32;&#32;&#32;<emphasis role="keywordtype">int</emphasis>&#32;bet&#32;=&#32;plyr-&gt;getBet();
<anchor xml:id="__black_jack_game_8cpp_source_1l00209"/>00209 &#32;&#32;&#32;&#32;
<anchor xml:id="__black_jack_game_8cpp_source_1l00210"/>00210 &#32;&#32;&#32;&#32;<emphasis role="keywordflow">if</emphasis>&#32;(plyr-&gt;isBust())&#32;{
<anchor xml:id="__black_jack_game_8cpp_source_1l00211"/>00211 &#32;&#32;&#32;&#32;&#32;&#32;&#32;&#32;cout&#32;&lt;&lt;&#32;<emphasis role="stringliteral">&quot;\nBust!\n&quot;</emphasis>;
<anchor xml:id="__black_jack_game_8cpp_source_1l00212"/>00212 &#32;&#32;&#32;&#32;&#32;&#32;&#32;&#32;plyr-&gt;addGame(<emphasis role="keyword">false</emphasis>,&#32;bet);
<anchor xml:id="__black_jack_game_8cpp_source_1l00213"/>00213 &#32;&#32;&#32;&#32;&#32;&#32;&#32;&#32;save.<link linkend="_struct_save_1a590de8d98933b1fa1181b5df23fdf80c">games</link>++;
<anchor xml:id="__black_jack_game_8cpp_source_1l00214"/>00214 &#32;&#32;&#32;&#32;&#32;&#32;&#32;&#32;<emphasis role="keywordflow">return</emphasis>;
<anchor xml:id="__black_jack_game_8cpp_source_1l00215"/>00215 &#32;&#32;&#32;&#32;}
<anchor xml:id="__black_jack_game_8cpp_source_1l00216"/>00216 &#32;&#32;&#32;&#32;
<anchor xml:id="__black_jack_game_8cpp_source_1l00217"/>00217 &#32;&#32;&#32;&#32;<emphasis role="keywordflow">if</emphasis>&#32;(dlr-&gt;isBust())&#32;{
<anchor xml:id="__black_jack_game_8cpp_source_1l00218"/>00218 &#32;&#32;&#32;&#32;&#32;&#32;&#32;&#32;cout&#32;&lt;&lt;&#32;<emphasis role="stringliteral">&quot;\nDealer&#32;busts!\n&quot;</emphasis>;
<anchor xml:id="__black_jack_game_8cpp_source_1l00219"/>00219 &#32;&#32;&#32;&#32;&#32;&#32;&#32;&#32;plyr-&gt;addWin(bet&#32;*&#32;2);
<anchor xml:id="__black_jack_game_8cpp_source_1l00220"/>00220 &#32;&#32;&#32;&#32;&#32;&#32;&#32;&#32;plyr-&gt;addGame(<emphasis role="keyword">true</emphasis>,&#32;bet);
<anchor xml:id="__black_jack_game_8cpp_source_1l00221"/>00221 &#32;&#32;&#32;&#32;&#32;&#32;&#32;&#32;save.<link linkend="_struct_save_1a6645464a8d38439095ec57b31ed264cb">wins</link>++;
<anchor xml:id="__black_jack_game_8cpp_source_1l00222"/>00222 &#32;&#32;&#32;&#32;&#32;&#32;&#32;&#32;save.<link linkend="_struct_save_1a590de8d98933b1fa1181b5df23fdf80c">games</link>++;
<anchor xml:id="__black_jack_game_8cpp_source_1l00223"/>00223 &#32;&#32;&#32;&#32;&#32;&#32;&#32;&#32;<emphasis role="keywordflow">return</emphasis>;
<anchor xml:id="__black_jack_game_8cpp_source_1l00224"/>00224 &#32;&#32;&#32;&#32;}
<anchor xml:id="__black_jack_game_8cpp_source_1l00225"/>00225 &#32;&#32;&#32;&#32;
<anchor xml:id="__black_jack_game_8cpp_source_1l00226"/>00226 &#32;&#32;&#32;&#32;<emphasis role="keywordflow">if</emphasis>&#32;(pVal&#32;&gt;&#32;dVal)&#32;{
<anchor xml:id="__black_jack_game_8cpp_source_1l00227"/>00227 &#32;&#32;&#32;&#32;&#32;&#32;&#32;&#32;cout&#32;&lt;&lt;&#32;<emphasis role="stringliteral">&quot;\nYou&#32;win!\n&quot;</emphasis>;
<anchor xml:id="__black_jack_game_8cpp_source_1l00228"/>00228 &#32;&#32;&#32;&#32;&#32;&#32;&#32;&#32;plyr-&gt;addWin(bet&#32;*&#32;2);
<anchor xml:id="__black_jack_game_8cpp_source_1l00229"/>00229 &#32;&#32;&#32;&#32;&#32;&#32;&#32;&#32;plyr-&gt;addGame(<emphasis role="keyword">true</emphasis>,&#32;bet);
<anchor xml:id="__black_jack_game_8cpp_source_1l00230"/>00230 &#32;&#32;&#32;&#32;&#32;&#32;&#32;&#32;save.<link linkend="_struct_save_1a6645464a8d38439095ec57b31ed264cb">wins</link>++;
<anchor xml:id="__black_jack_game_8cpp_source_1l00231"/>00231 &#32;&#32;&#32;&#32;}&#32;<emphasis role="keywordflow">else</emphasis>&#32;<emphasis role="keywordflow">if</emphasis>&#32;(pVal&#32;&lt;&#32;dVal)&#32;{
<anchor xml:id="__black_jack_game_8cpp_source_1l00232"/>00232 &#32;&#32;&#32;&#32;&#32;&#32;&#32;&#32;cout&#32;&lt;&lt;&#32;<emphasis role="stringliteral">&quot;\nYou&#32;lose!\n&quot;</emphasis>;
<anchor xml:id="__black_jack_game_8cpp_source_1l00233"/>00233 &#32;&#32;&#32;&#32;&#32;&#32;&#32;&#32;plyr-&gt;addGame(<emphasis role="keyword">false</emphasis>,&#32;bet);
<anchor xml:id="__black_jack_game_8cpp_source_1l00234"/>00234 &#32;&#32;&#32;&#32;}&#32;<emphasis role="keywordflow">else</emphasis>&#32;{
<anchor xml:id="__black_jack_game_8cpp_source_1l00235"/>00235 &#32;&#32;&#32;&#32;&#32;&#32;&#32;&#32;cout&#32;&lt;&lt;&#32;<emphasis role="stringliteral">&quot;\nPush!\n&quot;</emphasis>;
<anchor xml:id="__black_jack_game_8cpp_source_1l00236"/>00236 &#32;&#32;&#32;&#32;&#32;&#32;&#32;&#32;plyr-&gt;addWin(bet);
<anchor xml:id="__black_jack_game_8cpp_source_1l00237"/>00237 &#32;&#32;&#32;&#32;&#32;&#32;&#32;&#32;plyr-&gt;addGame(<emphasis role="keyword">false</emphasis>,&#32;0);
<anchor xml:id="__black_jack_game_8cpp_source_1l00238"/>00238 &#32;&#32;&#32;&#32;}
<anchor xml:id="__black_jack_game_8cpp_source_1l00239"/>00239 &#32;&#32;&#32;&#32;save.<link linkend="_struct_save_1a590de8d98933b1fa1181b5df23fdf80c">games</link>++;
<anchor xml:id="__black_jack_game_8cpp_source_1l00240"/>00240 &#32;&#32;&#32;&#32;
<anchor xml:id="__black_jack_game_8cpp_source_1l00241"/>00241 &#32;&#32;&#32;&#32;<link linkend="_struct_stats">Stats</link>&#32;st&#32;=&#32;plyr-&gt;getStat().getAll();
<anchor xml:id="__black_jack_game_8cpp_source_1l00242"/>00242 &#32;&#32;&#32;&#32;save.<link linkend="_struct_save_1a66849c66e30e65542ac629864d9b3da9">gmsAll</link>&#32;=&#32;st.<link linkend="_struct_stats_1a07ad122885c7965e34b130d8bb886767">games</link>;
<anchor xml:id="__black_jack_game_8cpp_source_1l00243"/>00243 &#32;&#32;&#32;&#32;save.<link linkend="_struct_save_1a97a5d9075e6b9d2e4887d08a9815144d">winsAll</link>&#32;=&#32;st.<link linkend="_struct_stats_1a535e69c7c041da153082bdd02f79d4c8">wins</link>;
<anchor xml:id="__black_jack_game_8cpp_source_1l00244"/>00244 }
<anchor xml:id="__black_jack_game_8cpp_source_1l00245"/>00245 
<anchor xml:id="__black_jack_game_8cpp_source_1l00250"/>00250 <emphasis role="keywordtype">void</emphasis>&#32;Game::round()&#32;{
<anchor xml:id="__black_jack_game_8cpp_source_1l00251"/>00251 &#32;&#32;&#32;&#32;plyr-&gt;clear();
<anchor xml:id="__black_jack_game_8cpp_source_1l00252"/>00252 &#32;&#32;&#32;&#32;dlr-&gt;clear();
<anchor xml:id="__black_jack_game_8cpp_source_1l00253"/>00253 &#32;&#32;&#32;&#32;
<anchor xml:id="__black_jack_game_8cpp_source_1l00254"/>00254 &#32;&#32;&#32;&#32;<emphasis role="keywordtype">int</emphasis>&#32;bet&#32;=&#32;getBet();
<anchor xml:id="__black_jack_game_8cpp_source_1l00255"/>00255 &#32;&#32;&#32;&#32;<emphasis role="keywordflow">if</emphasis>&#32;(!plyr-&gt;setBet(bet))&#32;{
<anchor xml:id="__black_jack_game_8cpp_source_1l00256"/>00256 &#32;&#32;&#32;&#32;&#32;&#32;&#32;&#32;cout&#32;&lt;&lt;&#32;<emphasis role="stringliteral">&quot;Invalid&#32;bet!\n&quot;</emphasis>;
<anchor xml:id="__black_jack_game_8cpp_source_1l00257"/>00257 &#32;&#32;&#32;&#32;&#32;&#32;&#32;&#32;<emphasis role="keywordflow">return</emphasis>;
<anchor xml:id="__black_jack_game_8cpp_source_1l00258"/>00258 &#32;&#32;&#32;&#32;}
<anchor xml:id="__black_jack_game_8cpp_source_1l00259"/>00259 &#32;&#32;&#32;&#32;
<anchor xml:id="__black_jack_game_8cpp_source_1l00260"/>00260 &#32;&#32;&#32;&#32;deck.<link linkend="_class_deck_1a64897016baf6e1c48f632dcc807096e7">shuffle</link>();
<anchor xml:id="__black_jack_game_8cpp_source_1l00261"/>00261 &#32;&#32;&#32;&#32;deal();
<anchor xml:id="__black_jack_game_8cpp_source_1l00262"/>00262 &#32;&#32;&#32;&#32;plyrTurn();
<anchor xml:id="__black_jack_game_8cpp_source_1l00263"/>00263 &#32;&#32;&#32;&#32;
<anchor xml:id="__black_jack_game_8cpp_source_1l00264"/>00264 &#32;&#32;&#32;&#32;<emphasis role="keywordflow">if</emphasis>&#32;(!plyr-&gt;isBust())&#32;{
<anchor xml:id="__black_jack_game_8cpp_source_1l00265"/>00265 &#32;&#32;&#32;&#32;&#32;&#32;&#32;&#32;dlrTurn();
<anchor xml:id="__black_jack_game_8cpp_source_1l00266"/>00266 &#32;&#32;&#32;&#32;}
<anchor xml:id="__black_jack_game_8cpp_source_1l00267"/>00267 &#32;&#32;&#32;&#32;
<anchor xml:id="__black_jack_game_8cpp_source_1l00268"/>00268 &#32;&#32;&#32;&#32;endRound();
<anchor xml:id="__black_jack_game_8cpp_source_1l00269"/>00269 }
<anchor xml:id="__black_jack_game_8cpp_source_1l00270"/>00270 
<anchor xml:id="__black_jack_game_8cpp_source_1l00275"/>00275 <emphasis role="keywordtype">void</emphasis>&#32;Game::saveGame()&#32;{
<anchor xml:id="__black_jack_game_8cpp_source_1l00276"/>00276 &#32;&#32;&#32;&#32;save.<link linkend="_struct_save_1a59f394a05cbf44ae85e90576e6cb34e2">funds</link>&#32;=&#32;plyr-&gt;getFund();
<anchor xml:id="__black_jack_game_8cpp_source_1l00277"/>00277 &#32;&#32;&#32;&#32;<link linkend="_class_save_game_1a4657b0a4750db6c1ba1a8f4033a46372">SaveGame::save</link>(save,&#32;user);
<anchor xml:id="__black_jack_game_8cpp_source_1l00278"/>00278 }
<anchor xml:id="__black_jack_game_8cpp_source_1l00279"/>00279 
<anchor xml:id="__black_jack_game_8cpp_source_1l00284"/>00284 <emphasis role="keywordtype">int</emphasis>&#32;Game::getBet()&#32;{
<anchor xml:id="__black_jack_game_8cpp_source_1l00285"/>00285 &#32;&#32;&#32;&#32;<emphasis role="keywordtype">int</emphasis>&#32;bet;
<anchor xml:id="__black_jack_game_8cpp_source_1l00286"/>00286 &#32;&#32;&#32;&#32;<emphasis role="keywordflow">do</emphasis>&#32;{
<anchor xml:id="__black_jack_game_8cpp_source_1l00287"/>00287 &#32;&#32;&#32;&#32;&#32;&#32;&#32;&#32;cout&#32;&lt;&lt;&#32;<emphasis role="stringliteral">&quot;\nFunds:&#32;$&quot;</emphasis>&#32;&lt;&lt;&#32;plyr-&gt;getFund()&#32;
<anchor xml:id="__black_jack_game_8cpp_source_1l00288"/>00288 &#32;&#32;&#32;&#32;&#32;&#32;&#32;&#32;&#32;&#32;&#32;&#32;&#32;&lt;&lt;&#32;<emphasis role="stringliteral">&quot;\nBet&#32;amount:&#32;$&quot;</emphasis>;
<anchor xml:id="__black_jack_game_8cpp_source_1l00289"/>00289 &#32;&#32;&#32;&#32;&#32;&#32;&#32;&#32;cin&#32;&gt;&gt;&#32;bet;
<anchor xml:id="__black_jack_game_8cpp_source_1l00290"/>00290 &#32;&#32;&#32;&#32;&#32;&#32;&#32;&#32;
<anchor xml:id="__black_jack_game_8cpp_source_1l00291"/>00291 &#32;&#32;&#32;&#32;&#32;&#32;&#32;&#32;<emphasis role="keywordflow">if</emphasis>&#32;(bet&#32;&gt;&#32;plyr-&gt;getFund())&#32;{
<anchor xml:id="__black_jack_game_8cpp_source_1l00292"/>00292 &#32;&#32;&#32;&#32;&#32;&#32;&#32;&#32;&#32;&#32;&#32;&#32;cout&#32;&lt;&lt;&#32;<emphasis role="stringliteral">&quot;Can&apos;t&#32;bet&#32;more&#32;than&#32;you&#32;have!\n&quot;</emphasis>;
<anchor xml:id="__black_jack_game_8cpp_source_1l00293"/>00293 &#32;&#32;&#32;&#32;&#32;&#32;&#32;&#32;}
<anchor xml:id="__black_jack_game_8cpp_source_1l00294"/>00294 &#32;&#32;&#32;&#32;&#32;&#32;&#32;&#32;<emphasis role="keywordflow">if</emphasis>&#32;(bet&#32;&lt;&#32;1)&#32;{
<anchor xml:id="__black_jack_game_8cpp_source_1l00295"/>00295 &#32;&#32;&#32;&#32;&#32;&#32;&#32;&#32;&#32;&#32;&#32;&#32;cout&#32;&lt;&lt;&#32;<emphasis role="stringliteral">&quot;Min&#32;bet&#32;is&#32;$1\n&quot;</emphasis>;
<anchor xml:id="__black_jack_game_8cpp_source_1l00296"/>00296 &#32;&#32;&#32;&#32;&#32;&#32;&#32;&#32;}
<anchor xml:id="__black_jack_game_8cpp_source_1l00297"/>00297 &#32;&#32;&#32;&#32;}&#32;<emphasis role="keywordflow">while</emphasis>&#32;(bet&#32;&gt;&#32;plyr-&gt;getFund()&#32;||&#32;bet&#32;&lt;&#32;1);
<anchor xml:id="__black_jack_game_8cpp_source_1l00298"/>00298 &#32;&#32;&#32;&#32;
<anchor xml:id="__black_jack_game_8cpp_source_1l00299"/>00299 &#32;&#32;&#32;&#32;<emphasis role="keywordflow">return</emphasis>&#32;bet;
<anchor xml:id="__black_jack_game_8cpp_source_1l00300"/>00300 }
<anchor xml:id="__black_jack_game_8cpp_source_1l00301"/>00301 
<anchor xml:id="__black_jack_game_8cpp_source_1l00306"/>00306 <emphasis role="keywordtype">void</emphasis>&#32;Game::mainLoop()&#32;{
<anchor xml:id="__black_jack_game_8cpp_source_1l00307"/>00307 &#32;&#32;&#32;&#32;<emphasis role="keywordflow">while</emphasis>&#32;(<emphasis role="keyword">true</emphasis>)&#32;{
<anchor xml:id="__black_jack_game_8cpp_source_1l00308"/>00308 &#32;&#32;&#32;&#32;&#32;&#32;&#32;&#32;round();
<anchor xml:id="__black_jack_game_8cpp_source_1l00309"/>00309 &#32;&#32;&#32;&#32;&#32;&#32;&#32;&#32;saveGame();
<anchor xml:id="__black_jack_game_8cpp_source_1l00310"/>00310 &#32;&#32;&#32;&#32;&#32;&#32;&#32;&#32;
<anchor xml:id="__black_jack_game_8cpp_source_1l00311"/>00311 &#32;&#32;&#32;&#32;&#32;&#32;&#32;&#32;<emphasis role="keywordflow">if</emphasis>&#32;(save.<link linkend="_struct_save_1a59f394a05cbf44ae85e90576e6cb34e2">funds</link>&#32;==&#32;0)&#32;{
<anchor xml:id="__black_jack_game_8cpp_source_1l00312"/>00312 &#32;&#32;&#32;&#32;&#32;&#32;&#32;&#32;&#32;&#32;&#32;&#32;<emphasis role="keywordtype">char</emphasis>&#32;choice;
<anchor xml:id="__black_jack_game_8cpp_source_1l00313"/>00313 &#32;&#32;&#32;&#32;&#32;&#32;&#32;&#32;&#32;&#32;&#32;&#32;cout&#32;&lt;&lt;&#32;<emphasis role="stringliteral">&quot;\nYou&apos;re&#32;broke!\n&quot;</emphasis>;
<anchor xml:id="__black_jack_game_8cpp_source_1l00314"/>00314 &#32;&#32;&#32;&#32;&#32;&#32;&#32;&#32;&#32;&#32;&#32;&#32;cout&#32;&lt;&lt;&#32;<emphasis role="stringliteral">&quot;Start&#32;fresh&#32;with&#32;$1000?&#32;(y/n):&#32;&quot;</emphasis>;
<anchor xml:id="__black_jack_game_8cpp_source_1l00315"/>00315 &#32;&#32;&#32;&#32;&#32;&#32;&#32;&#32;&#32;&#32;&#32;&#32;cin&#32;&gt;&gt;&#32;choice;
<anchor xml:id="__black_jack_game_8cpp_source_1l00316"/>00316 &#32;&#32;&#32;&#32;&#32;&#32;&#32;&#32;&#32;&#32;&#32;&#32;
<anchor xml:id="__black_jack_game_8cpp_source_1l00317"/>00317 &#32;&#32;&#32;&#32;&#32;&#32;&#32;&#32;&#32;&#32;&#32;&#32;<emphasis role="keywordflow">if</emphasis>&#32;(choice&#32;==&#32;<emphasis role="charliteral">&apos;y&apos;</emphasis>&#32;||&#32;choice&#32;==&#32;<emphasis role="charliteral">&apos;Y&apos;</emphasis>)&#32;{
<anchor xml:id="__black_jack_game_8cpp_source_1l00318"/>00318 &#32;&#32;&#32;&#32;&#32;&#32;&#32;&#32;&#32;&#32;&#32;&#32;&#32;&#32;&#32;&#32;plyr-&gt;setFund(1000);
<anchor xml:id="__black_jack_game_8cpp_source_1l00319"/>00319 &#32;&#32;&#32;&#32;&#32;&#32;&#32;&#32;&#32;&#32;&#32;&#32;&#32;&#32;&#32;&#32;save.<link linkend="_struct_save_1a59f394a05cbf44ae85e90576e6cb34e2">funds</link>&#32;=&#32;1000;
<anchor xml:id="__black_jack_game_8cpp_source_1l00320"/>00320 &#32;&#32;&#32;&#32;&#32;&#32;&#32;&#32;&#32;&#32;&#32;&#32;&#32;&#32;&#32;&#32;saveGame();
<anchor xml:id="__black_jack_game_8cpp_source_1l00321"/>00321 &#32;&#32;&#32;&#32;&#32;&#32;&#32;&#32;&#32;&#32;&#32;&#32;&#32;&#32;&#32;&#32;cout&#32;&lt;&lt;&#32;<emphasis role="stringliteral">&quot;\nRefreshed!&#32;Balance:&#32;$1000\n&quot;</emphasis>;
<anchor xml:id="__black_jack_game_8cpp_source_1l00322"/>00322 &#32;&#32;&#32;&#32;&#32;&#32;&#32;&#32;&#32;&#32;&#32;&#32;}&#32;<emphasis role="keywordflow">else</emphasis>&#32;{
<anchor xml:id="__black_jack_game_8cpp_source_1l00323"/>00323 &#32;&#32;&#32;&#32;&#32;&#32;&#32;&#32;&#32;&#32;&#32;&#32;&#32;&#32;&#32;&#32;cout&#32;&lt;&lt;&#32;<emphasis role="stringliteral">&quot;\nGame&#32;Over!\n&quot;</emphasis>;
<anchor xml:id="__black_jack_game_8cpp_source_1l00324"/>00324 &#32;&#32;&#32;&#32;&#32;&#32;&#32;&#32;&#32;&#32;&#32;&#32;&#32;&#32;&#32;&#32;<emphasis role="keywordflow">break</emphasis>;
<anchor xml:id="__black_jack_game_8cpp_source_1l00325"/>00325 &#32;&#32;&#32;&#32;&#32;&#32;&#32;&#32;&#32;&#32;&#32;&#32;}
<anchor xml:id="__black_jack_game_8cpp_source_1l00326"/>00326 &#32;&#32;&#32;&#32;&#32;&#32;&#32;&#32;}
<anchor xml:id="__black_jack_game_8cpp_source_1l00327"/>00327 &#32;&#32;&#32;&#32;&#32;&#32;&#32;&#32;
<anchor xml:id="__black_jack_game_8cpp_source_1l00328"/>00328 &#32;&#32;&#32;&#32;&#32;&#32;&#32;&#32;<emphasis role="keywordtype">char</emphasis>&#32;cont;
<anchor xml:id="__black_jack_game_8cpp_source_1l00329"/>00329 &#32;&#32;&#32;&#32;&#32;&#32;&#32;&#32;cout&#32;&lt;&lt;&#32;<emphasis role="stringliteral">&quot;\nPlay&#32;again?&#32;(y/n):&#32;&quot;</emphasis>;
<anchor xml:id="__black_jack_game_8cpp_source_1l00330"/>00330 &#32;&#32;&#32;&#32;&#32;&#32;&#32;&#32;cin&#32;&gt;&gt;&#32;cont;
<anchor xml:id="__black_jack_game_8cpp_source_1l00331"/>00331 &#32;&#32;&#32;&#32;&#32;&#32;&#32;&#32;<emphasis role="keywordflow">if</emphasis>&#32;(cont&#32;!=&#32;<emphasis role="charliteral">&apos;y&apos;</emphasis>&#32;&amp;&amp;&#32;cont&#32;!=&#32;<emphasis role="charliteral">&apos;Y&apos;</emphasis>)&#32;<emphasis role="keywordflow">break</emphasis>;
<anchor xml:id="__black_jack_game_8cpp_source_1l00332"/>00332 &#32;&#32;&#32;&#32;&#32;&#32;&#32;&#32;
<anchor xml:id="__black_jack_game_8cpp_source_1l00333"/>00333 &#32;&#32;&#32;&#32;&#32;&#32;&#32;&#32;<emphasis role="keywordflow">if</emphasis>&#32;(deck.<link linkend="_class_deck_1ae5b40fb689e6ad018b541e8c6a78b4c4">remainingCards</link>()&#32;&lt;&#32;15)&#32;{
<anchor xml:id="__black_jack_game_8cpp_source_1l00334"/>00334 &#32;&#32;&#32;&#32;&#32;&#32;&#32;&#32;&#32;&#32;&#32;&#32;deck&#32;=&#32;<link linkend="_class_deck">Deck&lt;Card&gt;</link>(6);
<anchor xml:id="__black_jack_game_8cpp_source_1l00335"/>00335 &#32;&#32;&#32;&#32;&#32;&#32;&#32;&#32;}
<anchor xml:id="__black_jack_game_8cpp_source_1l00336"/>00336 &#32;&#32;&#32;&#32;}
<anchor xml:id="__black_jack_game_8cpp_source_1l00337"/>00337 }
</programlisting></section>
