<?xml version='1.0' encoding='UTF-8' standalone='no'?>
<section xmlns="http://docbook.org/ns/docbook" version="5.0" xmlns:xlink="http://www.w3.org/1999/xlink" xml:id="__black_jack_game_8h" xml:lang="en-US">
<title>BlackJackGame.h File Reference</title>
<indexterm><primary>BlackJackGame.h</primary></indexterm>
<para>

<para>Main game controller class for Blackjack card game. </para>
 
</para>
<programlisting linenumbering="unnumbered">#include &quot;Deck.h&quot;<?linebreak?>#include &quot;Player.h&quot;<?linebreak?>#include &quot;SaveGame.h&quot;<?linebreak?>#include &lt;memory&gt;<?linebreak?></programlisting>Include dependency graph for BlackJackGame.h:<para>
    <informalfigure>
        <mediaobject>
            <imageobject>
                <imagedata width="50%" align="center" valign="middle" scalefit="0" fileref="_black_jack_game_8h__incl.png"></imagedata>
            </imageobject>
        </mediaobject>
    </informalfigure>
</para>
This graph shows which files directly or indirectly include this file:<para>
    <informalfigure>
        <mediaobject>
            <imageobject>
                <imagedata width="50%" align="center" valign="middle" scalefit="0" fileref="_black_jack_game_8h__dep__incl.png"></imagedata>
            </imageobject>
        </mediaobject>
    </informalfigure>
</para>
<simplesect>
    <title>Classes    </title>
        <itemizedlist>
            <listitem><para>class <link linkend="_class_game">Game</link></para>

<para>Main controller class implementing Blackjack game logic. </para>
</listitem>
        </itemizedlist>
</simplesect>
<section>
<title>Detailed Description</title>

<para>Main game controller class for Blackjack card game. </para>

<para><formalpara><title>Author</title>

<para>Ireoluwa Dairo </para>
</formalpara>
<formalpara><title>Date</title>

<para>2024-11-27 </para>
</formalpara>
</para>
<para>
Definition in file <link linkend="__black_jack_game_8h_source">BlackJackGame.h</link>.</para>
</section>
</section>
