<?xml version='1.0' encoding='UTF-8' standalone='no'?>
<section xmlns="http://docbook.org/ns/docbook" version="5.0" xmlns:xlink="http://www.w3.org/1999/xlink" xml:id="__card_8cpp" xml:lang="en-US">
<title>Card.cpp File Reference</title>
<indexterm><primary>Card.cpp</primary></indexterm>
<para>

<para>Implementation of <link linkend="_class_card">Card</link> class. </para>
 
</para>
<programlisting linenumbering="unnumbered">#include &quot;Card.h&quot;<?linebreak?></programlisting>Include dependency graph for Card.cpp:<para>
    <informalfigure>
        <mediaobject>
            <imageobject>
                <imagedata width="50%" align="center" valign="middle" scalefit="0" fileref="_card_8cpp__incl.png"></imagedata>
            </imageobject>
        </mediaobject>
    </informalfigure>
</para>
<simplesect>
    <title>Functions    </title>
        <itemizedlist>
            <listitem><para>ostream &amp; <link linkend="__card_8cpp_1afca3531cbc62b8f6f63365dec9728970">operator&lt;&lt;</link> (ostream &amp;os, const <link linkend="_class_card">Card</link> &amp;card)</para>

<para>Stream output operator. </para>
</listitem>
        </itemizedlist>
</simplesect>
<section>
<title>Detailed Description</title>

<para>Implementation of <link linkend="_class_card">Card</link> class. </para>

<para><formalpara><title>Author</title>

<para>Ireoluwa Dairo </para>
</formalpara>
<formalpara><title>Date</title>

<para>2024-11-27 </para>
</formalpara>
</para>
<para>
Definition in file <link linkend="__card_8cpp_source">Card.cpp</link>.</para>
</section>
<section>
<title>Function Documentation</title>
<anchor xml:id="__card_8cpp_1afca3531cbc62b8f6f63365dec9728970"/><section>
    <title>operator&lt;&lt;()</title>
<indexterm><primary>operator&lt;&lt;</primary><secondary>Card.cpp</secondary></indexterm>
<indexterm><primary>Card.cpp</primary><secondary>operator&lt;&lt;</secondary></indexterm>
<para><computeroutput>ostream &amp; operator&lt;&lt; (ostream &amp; os, const <link linkend="_class_card">Card</link> &amp; card)</computeroutput></para><para>

<para>Stream output operator. </para>
</para>

<para>
                <formalpara>
                    <title>
Parameters</title>
                    <para>
                    <table frame="all">
                        <tgroup cols="2" align="left" colsep="1" rowsep="1">
                        <colspec colwidth="1*"/>
                        <colspec colwidth="4*"/>
                        <tbody>
                            <row>
<entry>os</entry><entry>
<para>Output stream </para>
</entry>
                            </row>
                            <row>
<entry>card</entry><entry>
<para><link linkend="_class_card">Card</link> to output </para>
</entry>
                            </row>
                        </tbody>
                        </tgroup>
                    </table>
                    </para>
                </formalpara>
                <formalpara><title>Returns</title>

<para>ostream&amp; Reference to output stream </para>
</formalpara>
</para>
<para>
Definition at line <link linkend="__card_8cpp_source_1l00135">135</link> of file <link linkend="__card_8cpp_source">Card.cpp</link>.</para>
Here is the call graph for this function:<para>
    <informalfigure>
        <mediaobject>
            <imageobject>
                <imagedata width="50%" align="center" valign="middle" scalefit="0" fileref="_card_8cpp_afca3531cbc62b8f6f63365dec9728970_cgraph.png"></imagedata>
            </imageobject>
        </mediaobject>
    </informalfigure>
</para>
</section>
</section>
</section>
