<?xml version='1.0' encoding='UTF-8' standalone='no'?>
<section xmlns="http://docbook.org/ns/docbook" version="5.0" xmlns:xlink="http://www.w3.org/1999/xlink" xml:id="__player_8cpp_source" xml:lang="en-US">
<title>Player.cpp</title>
Go to the documentation of this file.<programlisting linenumbering="unnumbered"><anchor xml:id="__player_8cpp_source_1l00001"/>00001 
<anchor xml:id="__player_8cpp_source_1l00008"/>00008 <emphasis role="preprocessor">#include&#32;&quot;<link linkend="__player_8h">Player.h</link>&quot;</emphasis>
<anchor xml:id="__player_8cpp_source_1l00009"/>00009 <emphasis role="preprocessor">#include&#32;&lt;iostream&gt;</emphasis>
<anchor xml:id="__player_8cpp_source_1l00010"/>00010 <emphasis role="keyword">using&#32;namespace&#32;</emphasis>std;
<anchor xml:id="__player_8cpp_source_1l00011"/>00011 
<anchor xml:id="__player_8cpp_source_1l00018"/><link linkend="_class_player_1affe0cc3cb714f6deb4e62f0c0d3f1fd8">00018</link> <link linkend="_class_player_1affe0cc3cb714f6deb4e62f0c0d3f1fd8">Player::Player</link>()&#32;{
<anchor xml:id="__player_8cpp_source_1l00019"/>00019 &#32;&#32;&#32;<link linkend="_class_player_1acf0355128a99ee20ad9931b760fb2de1">name</link>&#32;=&#32;<emphasis role="stringliteral">&quot;Anon&quot;</emphasis>;
<anchor xml:id="__player_8cpp_source_1l00020"/>00020 &#32;&#32;&#32;<link linkend="_class_player_1a38a3243cd8b99085446d1b235cce825c">funds</link>&#32;=&#32;1000;
<anchor xml:id="__player_8cpp_source_1l00021"/>00021 &#32;&#32;&#32;<link linkend="_class_player_1a9ad8e498594182ced9e8091de332f6d0">bet</link>&#32;=&#32;0;
<anchor xml:id="__player_8cpp_source_1l00022"/>00022 &#32;&#32;&#32;<link linkend="_class_player_1a4d0371e1f41da5ef5cd8a5a761fe5886">stats</link>&#32;=&#32;<link linkend="_class_p_stats">PStats</link>(100);
<anchor xml:id="__player_8cpp_source_1l00023"/>00023 }
<anchor xml:id="__player_8cpp_source_1l00024"/>00024 
<anchor xml:id="__player_8cpp_source_1l00030"/><link linkend="_class_player_1af6dcaf3d84b3666f854ec7b48392925e">00030</link> <link linkend="_class_player_1affe0cc3cb714f6deb4e62f0c0d3f1fd8">Player::Player</link>(<emphasis role="keyword">const</emphasis>&#32;<emphasis role="keywordtype">string</emphasis>&amp;&#32;n,&#32;<emphasis role="keywordtype">int</emphasis>&#32;f)&#32;{
<anchor xml:id="__player_8cpp_source_1l00031"/>00031 &#32;&#32;&#32;<link linkend="_class_player_1acf0355128a99ee20ad9931b760fb2de1">name</link>&#32;=&#32;n;
<anchor xml:id="__player_8cpp_source_1l00032"/>00032 &#32;&#32;&#32;<link linkend="_class_player_1a38a3243cd8b99085446d1b235cce825c">funds</link>&#32;=&#32;f;
<anchor xml:id="__player_8cpp_source_1l00033"/>00033 &#32;&#32;&#32;<link linkend="_class_player_1a9ad8e498594182ced9e8091de332f6d0">bet</link>&#32;=&#32;0;&#32;
<anchor xml:id="__player_8cpp_source_1l00034"/>00034 &#32;&#32;&#32;<link linkend="_class_player_1a4d0371e1f41da5ef5cd8a5a761fe5886">stats</link>&#32;=&#32;<link linkend="_class_p_stats">PStats</link>(100);
<anchor xml:id="__player_8cpp_source_1l00035"/>00035 }
<anchor xml:id="__player_8cpp_source_1l00036"/>00036 
<anchor xml:id="__player_8cpp_source_1l00040"/><link linkend="_class_player_1a749d2c00e1fe0f5c2746f7505a58c062">00040</link> <link linkend="_class_player_1a749d2c00e1fe0f5c2746f7505a58c062">Player::~Player</link>()&#32;{
<anchor xml:id="__player_8cpp_source_1l00041"/>00041 &#32;&#32;&#32;<link linkend="_class_player_1af1dda5581f5f56c61bac0cf07a300bdd">clear</link>();
<anchor xml:id="__player_8cpp_source_1l00042"/>00042 }
<anchor xml:id="__player_8cpp_source_1l00043"/>00043 
<anchor xml:id="__player_8cpp_source_1l00048"/><link linkend="_class_player_1ad5ff3d1b054718c9e69da62dea18ab01">00048</link> <emphasis role="keywordtype">void</emphasis>&#32;<link linkend="_class_player_1ad5ff3d1b054718c9e69da62dea18ab01">Player::addCard</link>(<emphasis role="keyword">const</emphasis>&#32;<link linkend="_class_card">Card</link>&amp;&#32;card)&#32;{
<anchor xml:id="__player_8cpp_source_1l00049"/>00049 &#32;&#32;&#32;<link linkend="_class_player_1a120127b3026b271cb7b1a5b82d635503">hand</link>.push_back(card);
<anchor xml:id="__player_8cpp_source_1l00050"/>00050 }
<anchor xml:id="__player_8cpp_source_1l00051"/>00051 
<anchor xml:id="__player_8cpp_source_1l00056"/><link linkend="_class_player_1a26f1447acb4414e57c534cd3b29c47ac">00056</link> <emphasis role="keywordtype">int</emphasis>&#32;<link linkend="_class_player_1a26f1447acb4414e57c534cd3b29c47ac">Player::getVal</link>()<emphasis role="keyword">&#32;const&#32;</emphasis>{
<anchor xml:id="__player_8cpp_source_1l00057"/>00057 &#32;&#32;&#32;<emphasis role="keywordtype">int</emphasis>&#32;total&#32;=&#32;0;
<anchor xml:id="__player_8cpp_source_1l00058"/>00058 &#32;&#32;&#32;<emphasis role="keywordtype">int</emphasis>&#32;aces&#32;=&#32;0;
<anchor xml:id="__player_8cpp_source_1l00059"/>00059 &#32;&#32;&#32;
<anchor xml:id="__player_8cpp_source_1l00060"/>00060 &#32;&#32;&#32;<emphasis role="comment">//&#32;Calculate&#32;non-ace&#32;values&#32;first</emphasis>
<anchor xml:id="__player_8cpp_source_1l00061"/>00061 &#32;&#32;&#32;<emphasis role="keywordflow">for</emphasis>&#32;(<emphasis role="keyword">const</emphasis>&#32;<emphasis role="keyword">auto</emphasis>&amp;&#32;card&#32;:&#32;<link linkend="_class_player_1a120127b3026b271cb7b1a5b82d635503">hand</link>)&#32;{
<anchor xml:id="__player_8cpp_source_1l00062"/>00062 &#32;&#32;&#32;&#32;&#32;&#32;&#32;<emphasis role="keywordtype">int</emphasis>&#32;val&#32;=&#32;card.getValue();
<anchor xml:id="__player_8cpp_source_1l00063"/>00063 &#32;&#32;&#32;&#32;&#32;&#32;&#32;<emphasis role="keywordflow">if</emphasis>&#32;(val&#32;&gt;&#32;10)&#32;val&#32;=&#32;10;
<anchor xml:id="__player_8cpp_source_1l00064"/>00064 &#32;&#32;&#32;&#32;&#32;&#32;&#32;<emphasis role="keywordflow">if</emphasis>&#32;(val&#32;==&#32;1)&#32;{
<anchor xml:id="__player_8cpp_source_1l00065"/>00065 &#32;&#32;&#32;&#32;&#32;&#32;&#32;&#32;&#32;&#32;&#32;aces++;
<anchor xml:id="__player_8cpp_source_1l00066"/>00066 &#32;&#32;&#32;&#32;&#32;&#32;&#32;}&#32;<emphasis role="keywordflow">else</emphasis>&#32;{
<anchor xml:id="__player_8cpp_source_1l00067"/>00067 &#32;&#32;&#32;&#32;&#32;&#32;&#32;&#32;&#32;&#32;&#32;total&#32;+=&#32;val;
<anchor xml:id="__player_8cpp_source_1l00068"/>00068 &#32;&#32;&#32;&#32;&#32;&#32;&#32;}
<anchor xml:id="__player_8cpp_source_1l00069"/>00069 &#32;&#32;&#32;}
<anchor xml:id="__player_8cpp_source_1l00070"/>00070 &#32;&#32;&#32;
<anchor xml:id="__player_8cpp_source_1l00071"/>00071 &#32;&#32;&#32;<emphasis role="comment">//&#32;Handle&#32;aces</emphasis>
<anchor xml:id="__player_8cpp_source_1l00072"/>00072 &#32;&#32;&#32;<emphasis role="keywordflow">for</emphasis>&#32;(<emphasis role="keywordtype">int</emphasis>&#32;i&#32;=&#32;0;&#32;i&#32;&lt;&#32;aces;&#32;++i)&#32;{
<anchor xml:id="__player_8cpp_source_1l00073"/>00073 &#32;&#32;&#32;&#32;&#32;&#32;&#32;<emphasis role="keywordflow">if</emphasis>&#32;(total&#32;+&#32;11&#32;&lt;=&#32;21)&#32;{
<anchor xml:id="__player_8cpp_source_1l00074"/>00074 &#32;&#32;&#32;&#32;&#32;&#32;&#32;&#32;&#32;&#32;&#32;total&#32;+=&#32;11;
<anchor xml:id="__player_8cpp_source_1l00075"/>00075 &#32;&#32;&#32;&#32;&#32;&#32;&#32;}&#32;<emphasis role="keywordflow">else</emphasis>&#32;{
<anchor xml:id="__player_8cpp_source_1l00076"/>00076 &#32;&#32;&#32;&#32;&#32;&#32;&#32;&#32;&#32;&#32;&#32;total&#32;+=&#32;1;
<anchor xml:id="__player_8cpp_source_1l00077"/>00077 &#32;&#32;&#32;&#32;&#32;&#32;&#32;}
<anchor xml:id="__player_8cpp_source_1l00078"/>00078 &#32;&#32;&#32;}
<anchor xml:id="__player_8cpp_source_1l00079"/>00079 &#32;&#32;&#32;
<anchor xml:id="__player_8cpp_source_1l00080"/>00080 &#32;&#32;&#32;<emphasis role="keywordflow">return</emphasis>&#32;total;
<anchor xml:id="__player_8cpp_source_1l00081"/>00081 }
<anchor xml:id="__player_8cpp_source_1l00082"/>00082 
<anchor xml:id="__player_8cpp_source_1l00087"/><link linkend="_class_player_1ac87d002aca38e7e814d5bf6e97c432e1">00087</link> <emphasis role="keywordtype">bool</emphasis>&#32;<link linkend="_class_player_1ac87d002aca38e7e814d5bf6e97c432e1">Player::isBust</link>()<emphasis role="keyword">&#32;const&#32;</emphasis>{
<anchor xml:id="__player_8cpp_source_1l00088"/>00088 &#32;&#32;&#32;<emphasis role="keywordflow">return</emphasis>&#32;<link linkend="_class_player_1a26f1447acb4414e57c534cd3b29c47ac">getVal</link>()&#32;&gt;&#32;21;
<anchor xml:id="__player_8cpp_source_1l00089"/>00089 }
<anchor xml:id="__player_8cpp_source_1l00090"/>00090 
<anchor xml:id="__player_8cpp_source_1l00094"/><link linkend="_class_player_1af1dda5581f5f56c61bac0cf07a300bdd">00094</link> <emphasis role="keywordtype">void</emphasis>&#32;<link linkend="_class_player_1af1dda5581f5f56c61bac0cf07a300bdd">Player::clear</link>()&#32;{
<anchor xml:id="__player_8cpp_source_1l00095"/>00095 &#32;&#32;&#32;<link linkend="_class_player_1a120127b3026b271cb7b1a5b82d635503">hand</link>.clear();
<anchor xml:id="__player_8cpp_source_1l00096"/>00096 &#32;&#32;&#32;<link linkend="_class_player_1a9ad8e498594182ced9e8091de332f6d0">bet</link>&#32;=&#32;0;
<anchor xml:id="__player_8cpp_source_1l00097"/>00097 }
<anchor xml:id="__player_8cpp_source_1l00098"/>00098 
<anchor xml:id="__player_8cpp_source_1l00104"/><link linkend="_class_player_1a7bd5bdcf24baf66b2f95947acb478128">00104</link> <emphasis role="keywordtype">bool</emphasis>&#32;<link linkend="_class_player_1a7bd5bdcf24baf66b2f95947acb478128">Player::setBet</link>(<emphasis role="keywordtype">int</emphasis>&#32;amt)&#32;{
<anchor xml:id="__player_8cpp_source_1l00105"/>00105 &#32;&#32;&#32;<emphasis role="keywordflow">if</emphasis>&#32;(amt&#32;&gt;&#32;<link linkend="_class_player_1a38a3243cd8b99085446d1b235cce825c">funds</link>&#32;||&#32;amt&#32;&lt;&#32;1)&#32;{
<anchor xml:id="__player_8cpp_source_1l00106"/>00106 &#32;&#32;&#32;&#32;&#32;&#32;&#32;<emphasis role="keywordflow">return</emphasis>&#32;<emphasis role="keyword">false</emphasis>;
<anchor xml:id="__player_8cpp_source_1l00107"/>00107 &#32;&#32;&#32;}
<anchor xml:id="__player_8cpp_source_1l00108"/>00108 &#32;&#32;&#32;<link linkend="_class_player_1a9ad8e498594182ced9e8091de332f6d0">bet</link>&#32;=&#32;amt;
<anchor xml:id="__player_8cpp_source_1l00109"/>00109 &#32;&#32;&#32;<link linkend="_class_player_1a38a3243cd8b99085446d1b235cce825c">funds</link>&#32;-=&#32;amt;
<anchor xml:id="__player_8cpp_source_1l00110"/>00110 &#32;&#32;&#32;<emphasis role="keywordflow">return</emphasis>&#32;<emphasis role="keyword">true</emphasis>;
<anchor xml:id="__player_8cpp_source_1l00111"/>00111 }
<anchor xml:id="__player_8cpp_source_1l00112"/>00112 
<anchor xml:id="__player_8cpp_source_1l00117"/><link linkend="_class_player_1afb68622bbe0d61b7e9c54d21217e0405">00117</link> <emphasis role="keywordtype">void</emphasis>&#32;<link linkend="_class_player_1afb68622bbe0d61b7e9c54d21217e0405">Player::addWin</link>(<emphasis role="keywordtype">int</emphasis>&#32;amt)&#32;{
<anchor xml:id="__player_8cpp_source_1l00118"/>00118 &#32;&#32;&#32;<link linkend="_class_player_1a38a3243cd8b99085446d1b235cce825c">funds</link>&#32;+=&#32;amt;
<anchor xml:id="__player_8cpp_source_1l00119"/>00119 }
<anchor xml:id="__player_8cpp_source_1l00120"/>00120 
<anchor xml:id="__player_8cpp_source_1l00125"/><link linkend="_class_player_1a7db9632e9164847ec9df66ed95efa60d">00125</link> <emphasis role="keywordtype">void</emphasis>&#32;<link linkend="_class_player_1a7db9632e9164847ec9df66ed95efa60d">Player::loseBet</link>(<emphasis role="keywordtype">int</emphasis>&#32;amt)&#32;{
<anchor xml:id="__player_8cpp_source_1l00126"/>00126 &#32;&#32;&#32;<emphasis role="comment">//&#32;Bet&#32;already&#32;deducted&#32;when&#32;placed</emphasis>
<anchor xml:id="__player_8cpp_source_1l00127"/>00127 }
<anchor xml:id="__player_8cpp_source_1l00128"/>00128 
<anchor xml:id="__player_8cpp_source_1l00133"/><link linkend="_class_player_1aba58b095f7f82dfdc4df8a167df2695d">00133</link> <emphasis role="keywordtype">void</emphasis>&#32;<link linkend="_class_player_1aba58b095f7f82dfdc4df8a167df2695d">Player::setFund</link>(<emphasis role="keywordtype">int</emphasis>&#32;amt)&#32;{
<anchor xml:id="__player_8cpp_source_1l00134"/>00134 &#32;&#32;&#32;<link linkend="_class_player_1a38a3243cd8b99085446d1b235cce825c">funds</link>&#32;=&#32;amt;
<anchor xml:id="__player_8cpp_source_1l00135"/>00135 }
<anchor xml:id="__player_8cpp_source_1l00136"/>00136 
<anchor xml:id="__player_8cpp_source_1l00142"/><link linkend="_class_player_1a40c5014c6f8ac87b8707c8c611987e9f">00142</link> <emphasis role="keywordtype">void</emphasis>&#32;<link linkend="_class_player_1a40c5014c6f8ac87b8707c8c611987e9f">Player::addGame</link>(<emphasis role="keywordtype">bool</emphasis>&#32;won,&#32;<emphasis role="keywordtype">int</emphasis>&#32;amt)&#32;{
<anchor xml:id="__player_8cpp_source_1l00143"/>00143 &#32;&#32;&#32;<emphasis role="keywordflow">try</emphasis>&#32;{
<anchor xml:id="__player_8cpp_source_1l00144"/>00144 &#32;&#32;&#32;&#32;&#32;&#32;&#32;<link linkend="_class_game_res">GameRes</link>&#32;result(won,&#32;amt);
<anchor xml:id="__player_8cpp_source_1l00145"/>00145 &#32;&#32;&#32;&#32;&#32;&#32;&#32;<link linkend="_class_player_1a4d0371e1f41da5ef5cd8a5a761fe5886">stats</link>.<link linkend="_class_p_stats_1a497ca6c7be75c1cffb6c9887e6182732">add</link>(result);
<anchor xml:id="__player_8cpp_source_1l00146"/>00146 &#32;&#32;&#32;}&#32;<emphasis role="keywordflow">catch</emphasis>&#32;(<emphasis role="keyword">const</emphasis>&#32;runtime_error&amp;&#32;e)&#32;{
<anchor xml:id="__player_8cpp_source_1l00147"/>00147 &#32;&#32;&#32;&#32;&#32;&#32;&#32;cerr&#32;&lt;&lt;&#32;<emphasis role="stringliteral">&quot;Failed&#32;to&#32;record&#32;game&#32;result:&#32;&quot;</emphasis>&#32;&lt;&lt;&#32;e.what()&#32;&lt;&lt;&#32;endl;
<anchor xml:id="__player_8cpp_source_1l00148"/>00148 &#32;&#32;&#32;}
<anchor xml:id="__player_8cpp_source_1l00149"/>00149 }
<anchor xml:id="__player_8cpp_source_1l00150"/>00150 
<anchor xml:id="__player_8cpp_source_1l00152"/><link linkend="_class_player_1a2d8034eb9889b2fbd6ca2e1e9de0d1f4">00152</link> <emphasis role="keywordtype">int</emphasis>&#32;<link linkend="_class_player_1a2d8034eb9889b2fbd6ca2e1e9de0d1f4">Player::getRate</link>()<emphasis role="keyword">&#32;const&#32;</emphasis>{&#32;<emphasis role="keywordflow">return</emphasis>&#32;<link linkend="_class_player_1a4d0371e1f41da5ef5cd8a5a761fe5886">stats</link>.<link linkend="_class_p_stats_1a7056bb19a53168832c92902017bc842a">getRate</link>();&#32;}
<anchor xml:id="__player_8cpp_source_1l00153"/><link linkend="_class_player_1a4939193fc637f75bf7a11118334dae7e">00153</link> <emphasis role="keywordtype">string</emphasis>&#32;<link linkend="_class_player_1a4939193fc637f75bf7a11118334dae7e">Player::getName</link>()<emphasis role="keyword">&#32;const&#32;</emphasis>{&#32;<emphasis role="keywordflow">return</emphasis>&#32;<link linkend="_class_player_1acf0355128a99ee20ad9931b760fb2de1">name</link>;&#32;}
<anchor xml:id="__player_8cpp_source_1l00154"/><link linkend="_class_player_1ae0ccc5586972501fcab0f969cab3bf95">00154</link> <emphasis role="keywordtype">int</emphasis>&#32;<link linkend="_class_player_1ae0ccc5586972501fcab0f969cab3bf95">Player::getFund</link>()<emphasis role="keyword">&#32;const&#32;</emphasis>{&#32;<emphasis role="keywordflow">return</emphasis>&#32;<link linkend="_class_player_1a38a3243cd8b99085446d1b235cce825c">funds</link>;&#32;}
<anchor xml:id="__player_8cpp_source_1l00155"/><link linkend="_class_player_1af72bd8540101dd0f76c4a00c6b3a7982">00155</link> <emphasis role="keywordtype">int</emphasis>&#32;<link linkend="_class_player_1af72bd8540101dd0f76c4a00c6b3a7982">Player::getBet</link>()<emphasis role="keyword">&#32;const&#32;</emphasis>{&#32;<emphasis role="keywordflow">return</emphasis>&#32;<link linkend="_class_player_1a9ad8e498594182ced9e8091de332f6d0">bet</link>;&#32;}
<anchor xml:id="__player_8cpp_source_1l00156"/><link linkend="_class_player_1a68feb8bbe38a311b9f538e7e05e0510c">00156</link> <link linkend="_class_p_stats">PStats</link>&amp;&#32;<link linkend="_class_player_1a68feb8bbe38a311b9f538e7e05e0510c">Player::getStat</link>()&#32;{&#32;<emphasis role="keywordflow">return</emphasis>&#32;<link linkend="_class_player_1a4d0371e1f41da5ef5cd8a5a761fe5886">stats</link>;&#32;}
<anchor xml:id="__player_8cpp_source_1l00157"/>00157 
<anchor xml:id="__player_8cpp_source_1l00162"/><link linkend="_class_player_1a9cb83df3e8030640711108c5c4ffab4f">00162</link> <emphasis role="keywordtype">bool</emphasis>&#32;<link linkend="_class_player_1a9cb83df3e8030640711108c5c4ffab4f">Player::operator==</link>(<emphasis role="keyword">const</emphasis>&#32;<link linkend="_class_player">Player</link>&amp;&#32;other)<emphasis role="keyword">&#32;const&#32;</emphasis>{
<anchor xml:id="__player_8cpp_source_1l00163"/>00163 &#32;&#32;&#32;<emphasis role="keywordflow">return</emphasis>&#32;<link linkend="_class_player_1acf0355128a99ee20ad9931b760fb2de1">name</link>&#32;==&#32;other.<link linkend="_class_player_1acf0355128a99ee20ad9931b760fb2de1">name</link>&#32;&amp;&amp;&#32;<link linkend="_class_player_1a38a3243cd8b99085446d1b235cce825c">funds</link>&#32;==&#32;other.<link linkend="_class_player_1a38a3243cd8b99085446d1b235cce825c">funds</link>;
<anchor xml:id="__player_8cpp_source_1l00164"/>00164 }
<anchor xml:id="__player_8cpp_source_1l00165"/>00165 
<anchor xml:id="__player_8cpp_source_1l00170"/><link linkend="_class_player_1a56ac1b030897173395f18c99f522827b">00170</link> <emphasis role="keywordtype">bool</emphasis>&#32;<link linkend="_class_player_1a56ac1b030897173395f18c99f522827b">Player::operator!=</link>(<emphasis role="keyword">const</emphasis>&#32;<link linkend="_class_player">Player</link>&amp;&#32;other)<emphasis role="keyword">&#32;const&#32;</emphasis>{
<anchor xml:id="__player_8cpp_source_1l00171"/>00171 &#32;&#32;&#32;<emphasis role="keywordflow">return</emphasis>&#32;!(*<emphasis role="keyword">this</emphasis>&#32;==&#32;other);
<anchor xml:id="__player_8cpp_source_1l00172"/>00172 }
<anchor xml:id="__player_8cpp_source_1l00173"/>00173 
<anchor xml:id="__player_8cpp_source_1l00180"/><link linkend="_class_human_1abfd57b90d90f9222384c76b44346ba7b">00180</link> <link linkend="_class_human_1abfd57b90d90f9222384c76b44346ba7b">Human::Human</link>(<emphasis role="keyword">const</emphasis>&#32;<emphasis role="keywordtype">string</emphasis>&amp;&#32;n)&#32;{
<anchor xml:id="__player_8cpp_source_1l00181"/>00181 &#32;&#32;&#32;<link linkend="_class_player_1acf0355128a99ee20ad9931b760fb2de1">name</link>&#32;=&#32;n;
<anchor xml:id="__player_8cpp_source_1l00182"/>00182 &#32;&#32;&#32;<link linkend="_class_player_1a38a3243cd8b99085446d1b235cce825c">funds</link>&#32;=&#32;1000;
<anchor xml:id="__player_8cpp_source_1l00183"/>00183 &#32;&#32;&#32;<link linkend="_class_player_1a9ad8e498594182ced9e8091de332f6d0">bet</link>&#32;=&#32;0;
<anchor xml:id="__player_8cpp_source_1l00184"/>00184 &#32;&#32;&#32;<link linkend="_class_player_1a4d0371e1f41da5ef5cd8a5a761fe5886">stats</link>&#32;=&#32;<link linkend="_class_p_stats">PStats</link>(100);
<anchor xml:id="__player_8cpp_source_1l00185"/>00185 }
<anchor xml:id="__player_8cpp_source_1l00186"/>00186 
<anchor xml:id="__player_8cpp_source_1l00191"/><link linkend="_class_human_1aa6cf22859de15a59d14bffeac4a63c5b">00191</link> <emphasis role="keywordtype">bool</emphasis>&#32;<link linkend="_class_human_1aa6cf22859de15a59d14bffeac4a63c5b">Human::wantHit</link>()&#32;{
<anchor xml:id="__player_8cpp_source_1l00192"/>00192 &#32;&#32;&#32;<emphasis role="keywordtype">char</emphasis>&#32;resp;
<anchor xml:id="__player_8cpp_source_1l00193"/>00193 &#32;&#32;&#32;cout&#32;&lt;&lt;&#32;<emphasis role="stringliteral">&quot;Hit?&#32;(y/n):&#32;&quot;</emphasis>;
<anchor xml:id="__player_8cpp_source_1l00194"/>00194 &#32;&#32;&#32;cin&#32;&gt;&gt;&#32;resp;
<anchor xml:id="__player_8cpp_source_1l00195"/>00195 &#32;&#32;&#32;<emphasis role="keywordflow">return</emphasis>&#32;(resp&#32;==&#32;<emphasis role="charliteral">&apos;y&apos;</emphasis>&#32;||&#32;resp&#32;==&#32;<emphasis role="charliteral">&apos;Y&apos;</emphasis>);
<anchor xml:id="__player_8cpp_source_1l00196"/>00196 }
<anchor xml:id="__player_8cpp_source_1l00197"/>00197 
<anchor xml:id="__player_8cpp_source_1l00201"/><link linkend="_class_human_1a41589a8a97907c66a633f2aecab9c440">00201</link> <emphasis role="keywordtype">void</emphasis>&#32;<link linkend="_class_human_1a41589a8a97907c66a633f2aecab9c440">Human::dispHand</link>()<emphasis role="keyword">&#32;const&#32;</emphasis>{
<anchor xml:id="__player_8cpp_source_1l00202"/>00202 &#32;&#32;&#32;&#32;cout&#32;&lt;&lt;&#32;<emphasis role="stringliteral">&quot;\n----------------------------------------\n&quot;</emphasis>;
<anchor xml:id="__player_8cpp_source_1l00203"/>00203 &#32;&#32;&#32;&#32;cout&#32;&lt;&lt;&#32;<emphasis role="stringliteral">&quot;***&#32;&quot;</emphasis>&#32;&lt;&lt;&#32;<link linkend="_class_player_1a4939193fc637f75bf7a11118334dae7e">getName</link>()&#32;&lt;&lt;&#32;<emphasis role="stringliteral">&quot;&apos;s&#32;Hand&#32;***\n&quot;</emphasis>;
<anchor xml:id="__player_8cpp_source_1l00204"/>00204 &#32;&#32;&#32;&#32;cout&#32;&lt;&lt;&#32;<emphasis role="stringliteral">&quot;----------------------------------------\n&quot;</emphasis>;
<anchor xml:id="__player_8cpp_source_1l00205"/>00205 &#32;&#32;&#32;&#32;<emphasis role="keywordflow">for</emphasis>&#32;(<emphasis role="keywordtype">size_t</emphasis>&#32;i&#32;=&#32;0;&#32;i&#32;&lt;&#32;<link linkend="_class_player_1a120127b3026b271cb7b1a5b82d635503">hand</link>.size();&#32;++i)&#32;{
<anchor xml:id="__player_8cpp_source_1l00206"/>00206 &#32;&#32;&#32;&#32;&#32;&#32;&#32;&#32;cout&#32;&lt;&lt;&#32;<emphasis role="stringliteral">&quot;|&#32;&quot;</emphasis>&#32;&lt;&lt;&#32;<link linkend="_class_player_1a120127b3026b271cb7b1a5b82d635503">hand</link>[i]&#32;&lt;&lt;&#32;<emphasis role="stringliteral">&quot;&#32;|\n&quot;</emphasis>;
<anchor xml:id="__player_8cpp_source_1l00207"/>00207 &#32;&#32;&#32;&#32;}
<anchor xml:id="__player_8cpp_source_1l00208"/>00208 &#32;&#32;&#32;&#32;cout&#32;&lt;&lt;&#32;<emphasis role="stringliteral">&quot;----------------------------------------\n&quot;</emphasis>;
<anchor xml:id="__player_8cpp_source_1l00209"/>00209 &#32;&#32;&#32;&#32;cout&#32;&lt;&lt;&#32;<emphasis role="stringliteral">&quot;Total:&#32;&quot;</emphasis>&#32;&lt;&lt;&#32;<link linkend="_class_player_1a26f1447acb4414e57c534cd3b29c47ac">getVal</link>()&#32;&lt;&lt;&#32;<emphasis role="stringliteral">&quot;\n&quot;</emphasis>;
<anchor xml:id="__player_8cpp_source_1l00210"/>00210 &#32;&#32;&#32;&#32;cout&#32;&lt;&lt;&#32;<emphasis role="stringliteral">&quot;Funds:&#32;$&quot;</emphasis>&#32;&lt;&lt;&#32;<link linkend="_class_player_1ae0ccc5586972501fcab0f969cab3bf95">getFund</link>()&#32;&lt;&lt;&#32;<emphasis role="stringliteral">&quot;\n&quot;</emphasis>;&#32;&#32;<emphasis role="comment">//&#32;Changed&#32;to&#32;getFund</emphasis>
<anchor xml:id="__player_8cpp_source_1l00211"/>00211 &#32;&#32;&#32;&#32;<emphasis role="keywordflow">if</emphasis>&#32;(<link linkend="_class_player_1a9ad8e498594182ced9e8091de332f6d0">bet</link>&#32;&gt;&#32;0)&#32;{
<anchor xml:id="__player_8cpp_source_1l00212"/>00212 &#32;&#32;&#32;&#32;&#32;&#32;&#32;&#32;cout&#32;&lt;&lt;&#32;<emphasis role="stringliteral">&quot;Current&#32;Bet:&#32;$&quot;</emphasis>&#32;&lt;&lt;&#32;<link linkend="_class_player_1a9ad8e498594182ced9e8091de332f6d0">bet</link>&#32;&lt;&lt;&#32;<emphasis role="stringliteral">&quot;\n&quot;</emphasis>;
<anchor xml:id="__player_8cpp_source_1l00213"/>00213 &#32;&#32;&#32;&#32;}
<anchor xml:id="__player_8cpp_source_1l00214"/>00214 &#32;&#32;&#32;&#32;cout&#32;&lt;&lt;&#32;<emphasis role="stringliteral">&quot;----------------------------------------\n&quot;</emphasis>;
<anchor xml:id="__player_8cpp_source_1l00215"/>00215 }
<anchor xml:id="__player_8cpp_source_1l00216"/>00216 
<anchor xml:id="__player_8cpp_source_1l00223"/><link linkend="_class_dealer_1a518fd02cf57eaf55e06b7754c4649a3f">00223</link> <link linkend="_class_dealer_1a518fd02cf57eaf55e06b7754c4649a3f">Dealer::Dealer</link>()&#32;{
<anchor xml:id="__player_8cpp_source_1l00224"/>00224 &#32;&#32;&#32;<link linkend="_class_player_1acf0355128a99ee20ad9931b760fb2de1">name</link>&#32;=&#32;<emphasis role="stringliteral">&quot;Dealer&quot;</emphasis>;
<anchor xml:id="__player_8cpp_source_1l00225"/>00225 &#32;&#32;&#32;<link linkend="_class_player_1a38a3243cd8b99085446d1b235cce825c">funds</link>&#32;=&#32;0;
<anchor xml:id="__player_8cpp_source_1l00226"/>00226 &#32;&#32;&#32;<link linkend="_class_player_1a9ad8e498594182ced9e8091de332f6d0">bet</link>&#32;=&#32;0;
<anchor xml:id="__player_8cpp_source_1l00227"/>00227 &#32;&#32;&#32;<link linkend="_class_player_1a4d0371e1f41da5ef5cd8a5a761fe5886">stats</link>&#32;=&#32;<link linkend="_class_p_stats">PStats</link>(100);
<anchor xml:id="__player_8cpp_source_1l00228"/>00228 }
<anchor xml:id="__player_8cpp_source_1l00229"/>00229 
<anchor xml:id="__player_8cpp_source_1l00234"/><link linkend="_class_dealer_1a832662f2a7de35cdb6c3c68259056278">00234</link> <emphasis role="keywordtype">bool</emphasis>&#32;<link linkend="_class_dealer_1a832662f2a7de35cdb6c3c68259056278">Dealer::wantHit</link>()&#32;{
<anchor xml:id="__player_8cpp_source_1l00235"/>00235 &#32;&#32;&#32;<emphasis role="keywordflow">return</emphasis>&#32;<link linkend="_class_player_1a26f1447acb4414e57c534cd3b29c47ac">getVal</link>()&#32;&lt;&#32;17;
<anchor xml:id="__player_8cpp_source_1l00236"/>00236 }
<anchor xml:id="__player_8cpp_source_1l00237"/>00237 
<anchor xml:id="__player_8cpp_source_1l00241"/><link linkend="_class_dealer_1aa4a7ca18077f341fe8dfbc3e641de6f6">00241</link> <emphasis role="keywordtype">void</emphasis>&#32;<link linkend="_class_dealer_1aa4a7ca18077f341fe8dfbc3e641de6f6">Dealer::dispHand</link>()<emphasis role="keyword">&#32;const&#32;</emphasis>{
<anchor xml:id="__player_8cpp_source_1l00242"/>00242 &#32;&#32;&#32;&#32;cout&#32;&lt;&lt;&#32;<emphasis role="stringliteral">&quot;\n----------------------------------------\n&quot;</emphasis>;
<anchor xml:id="__player_8cpp_source_1l00243"/>00243 &#32;&#32;&#32;&#32;cout&#32;&lt;&lt;&#32;<emphasis role="stringliteral">&quot;***&#32;Dealer&apos;s&#32;Hand&#32;***\n&quot;</emphasis>;
<anchor xml:id="__player_8cpp_source_1l00244"/>00244 &#32;&#32;&#32;&#32;cout&#32;&lt;&lt;&#32;<emphasis role="stringliteral">&quot;----------------------------------------\n&quot;</emphasis>;
<anchor xml:id="__player_8cpp_source_1l00245"/>00245 &#32;&#32;&#32;&#32;<emphasis role="keywordflow">if</emphasis>&#32;(!<link linkend="_class_player_1a120127b3026b271cb7b1a5b82d635503">hand</link>.empty())&#32;{
<anchor xml:id="__player_8cpp_source_1l00246"/>00246 &#32;&#32;&#32;&#32;&#32;&#32;&#32;&#32;cout&#32;&lt;&lt;&#32;<emphasis role="stringliteral">&quot;|&#32;&quot;</emphasis>&#32;&lt;&lt;&#32;<link linkend="_class_player_1a120127b3026b271cb7b1a5b82d635503">hand</link>[0]&#32;&lt;&lt;&#32;<emphasis role="stringliteral">&quot;&#32;|\n&quot;</emphasis>;
<anchor xml:id="__player_8cpp_source_1l00247"/>00247 &#32;&#32;&#32;&#32;&#32;&#32;&#32;&#32;cout&#32;&lt;&lt;&#32;<emphasis role="stringliteral">&quot;|&#32;[Hidden&#32;Card]&#32;|\n&quot;</emphasis>;
<anchor xml:id="__player_8cpp_source_1l00248"/>00248 &#32;&#32;&#32;&#32;}
<anchor xml:id="__player_8cpp_source_1l00249"/>00249 &#32;&#32;&#32;&#32;cout&#32;&lt;&lt;&#32;<emphasis role="stringliteral">&quot;----------------------------------------\n&quot;</emphasis>;
<anchor xml:id="__player_8cpp_source_1l00250"/>00250 }
<anchor xml:id="__player_8cpp_source_1l00251"/>00251 
<anchor xml:id="__player_8cpp_source_1l00256"/><link linkend="_class_dealer_1a6b2d9774b8d0cff1595f38c6f891bf77">00256</link> <emphasis role="keywordtype">void</emphasis>&#32;<link linkend="_class_dealer_1a6b2d9774b8d0cff1595f38c6f891bf77">Dealer::showAll</link>()<emphasis role="keyword">&#32;const&#32;</emphasis>{
<anchor xml:id="__player_8cpp_source_1l00257"/>00257 &#32;&#32;&#32;&#32;cout&#32;&lt;&lt;&#32;<emphasis role="stringliteral">&quot;\n----------------------------------------\n&quot;</emphasis>;
<anchor xml:id="__player_8cpp_source_1l00258"/>00258 &#32;&#32;&#32;&#32;cout&#32;&lt;&lt;&#32;<emphasis role="stringliteral">&quot;***&#32;Dealer&apos;s&#32;Full&#32;Hand&#32;***\n&quot;</emphasis>;
<anchor xml:id="__player_8cpp_source_1l00259"/>00259 &#32;&#32;&#32;&#32;cout&#32;&lt;&lt;&#32;<emphasis role="stringliteral">&quot;----------------------------------------\n&quot;</emphasis>;
<anchor xml:id="__player_8cpp_source_1l00260"/>00260 &#32;&#32;&#32;&#32;<emphasis role="keywordflow">for</emphasis>&#32;(<emphasis role="keywordtype">size_t</emphasis>&#32;i&#32;=&#32;0;&#32;i&#32;&lt;&#32;<link linkend="_class_player_1a120127b3026b271cb7b1a5b82d635503">hand</link>.size();&#32;++i)&#32;{
<anchor xml:id="__player_8cpp_source_1l00261"/>00261 &#32;&#32;&#32;&#32;&#32;&#32;&#32;&#32;cout&#32;&lt;&lt;&#32;<emphasis role="stringliteral">&quot;|&#32;&quot;</emphasis>&#32;&lt;&lt;&#32;<link linkend="_class_player_1a120127b3026b271cb7b1a5b82d635503">hand</link>[i]&#32;&lt;&lt;&#32;<emphasis role="stringliteral">&quot;&#32;|\n&quot;</emphasis>;
<anchor xml:id="__player_8cpp_source_1l00262"/>00262 &#32;&#32;&#32;&#32;}
<anchor xml:id="__player_8cpp_source_1l00263"/>00263 &#32;&#32;&#32;&#32;cout&#32;&lt;&lt;&#32;<emphasis role="stringliteral">&quot;----------------------------------------\n&quot;</emphasis>;
<anchor xml:id="__player_8cpp_source_1l00264"/>00264 &#32;&#32;&#32;&#32;cout&#32;&lt;&lt;&#32;<emphasis role="stringliteral">&quot;Total:&#32;&quot;</emphasis>&#32;&lt;&lt;&#32;<link linkend="_class_player_1a26f1447acb4414e57c534cd3b29c47ac">getVal</link>()&#32;&lt;&lt;&#32;<emphasis role="stringliteral">&quot;\n&quot;</emphasis>;
<anchor xml:id="__player_8cpp_source_1l00265"/>00265 &#32;&#32;&#32;&#32;cout&#32;&lt;&lt;&#32;<emphasis role="stringliteral">&quot;----------------------------------------\n&quot;</emphasis>;
<anchor xml:id="__player_8cpp_source_1l00266"/>00266 }
</programlisting></section>
