<?xml version='1.0' encoding='UTF-8' standalone='no'?>
<section xmlns="http://docbook.org/ns/docbook" version="5.0" xmlns:xlink="http://www.w3.org/1999/xlink" xml:id="_class_dealer" xml:lang="en-US">
<title>Dealer Class Reference</title>
<indexterm><primary>Dealer</primary></indexterm>
<para>

<para><link linkend="_class_dealer">Dealer</link> class Implements dealer-specific logic and display. </para>
 
</para>
<para>
<computeroutput>#include &lt;Player.h&gt;</computeroutput>
</para>
Inheritance diagram for Dealer:<para>
    <informalfigure>
        <mediaobject>
            <imageobject>
                <imagedata width="50%" align="center" valign="middle" scalefit="0" fileref="class_dealer__inherit__graph.png"></imagedata>
            </imageobject>
        </mediaobject>
    </informalfigure>
</para>
Collaboration diagram for Dealer:<para>
    <informalfigure>
        <mediaobject>
            <imageobject>
                <imagedata width="50%" align="center" valign="middle" scalefit="0" fileref="class_dealer__coll__graph.png"></imagedata>
            </imageobject>
        </mediaobject>
    </informalfigure>
</para>
<simplesect>
    <title>Public Member Functions    </title>
        <itemizedlist>
            <listitem><para><link linkend="_class_dealer_1a518fd02cf57eaf55e06b7754c4649a3f">Dealer</link> ()</para>

<para>Constructor. </para>
</listitem>
            <listitem><para>bool <link linkend="_class_dealer_1a832662f2a7de35cdb6c3c68259056278">wantHit</link> () override</para>

<para>Get dealer&apos;s hit decision based on rules. </para>
</listitem>
            <listitem><para>void <link linkend="_class_dealer_1aa4a7ca18077f341fe8dfbc3e641de6f6">dispHand</link> () const override</para>

<para>Display dealer&apos;s initial hand (one card hidden) </para>
</listitem>
            <listitem><para>void <link linkend="_class_dealer_1a6b2d9774b8d0cff1595f38c6f891bf77">showAll</link> () const</para>

<para>Display all cards in dealer&apos;s hand. </para>
</listitem>
        </itemizedlist>
</simplesect>
Public Member Functions inherited from <link linkend="_class_player">Player</link>        <itemizedlist>
            <listitem><para><link linkend="_class_player_1affe0cc3cb714f6deb4e62f0c0d3f1fd8">Player</link> ()</para>

<para>Default constructor. </para>
</listitem>
            <listitem><para><link linkend="_class_player_1af6dcaf3d84b3666f854ec7b48392925e">Player</link> (const string &amp;<link linkend="_class_player_1acf0355128a99ee20ad9931b760fb2de1">name</link>, int <link linkend="_class_player_1a38a3243cd8b99085446d1b235cce825c">funds</link>=1000)</para>

<para>Constructor with name and initial funds. </para>
</listitem>
            <listitem><para>virtual <link linkend="_class_player_1a749d2c00e1fe0f5c2746f7505a58c062">~Player</link> ()</para>

<para>Virtual destructor. </para>
</listitem>
            <listitem><para>virtual void <link linkend="_class_player_1ad5ff3d1b054718c9e69da62dea18ab01">addCard</link> (const <link linkend="_class_card">Card</link> &amp;card)</para>

<para>Add card to player&apos;s hand. </para>
</listitem>
            <listitem><para>virtual int <link linkend="_class_player_1a26f1447acb4414e57c534cd3b29c47ac">getVal</link> () const</para>

<para>Calculate hand value. </para>
</listitem>
            <listitem><para>virtual bool <link linkend="_class_player_1ac87d002aca38e7e814d5bf6e97c432e1">isBust</link> () const</para>

<para>Check if hand value exceeds 21. </para>
</listitem>
            <listitem><para>virtual void <link linkend="_class_player_1af1dda5581f5f56c61bac0cf07a300bdd">clear</link> ()</para>

<para>Clear player&apos;s hand. </para>
</listitem>
            <listitem><para>bool <link linkend="_class_player_1a7bd5bdcf24baf66b2f95947acb478128">setBet</link> (int amt)</para>

<para>Set bet amount. </para>
</listitem>
            <listitem><para>void <link linkend="_class_player_1afb68622bbe0d61b7e9c54d21217e0405">addWin</link> (int amt)</para>

<para>Add winnings to funds. </para>
</listitem>
            <listitem><para>void <link linkend="_class_player_1a7db9632e9164847ec9df66ed95efa60d">loseBet</link> (int amt)</para>

<para>Deduct lost bet from funds. </para>
</listitem>
            <listitem><para>void <link linkend="_class_player_1aba58b095f7f82dfdc4df8a167df2695d">setFund</link> (int amt)</para>

<para>Set player&apos;s funds. </para>
</listitem>
            <listitem><para>void <link linkend="_class_player_1a40c5014c6f8ac87b8707c8c611987e9f">addGame</link> (bool won, int amt)</para>

<para>Record game result in stats. </para>
</listitem>
            <listitem><para>int <link linkend="_class_player_1a2d8034eb9889b2fbd6ca2e1e9de0d1f4">getRate</link> () const</para>

<para>Get win rate from stats. </para>
</listitem>
            <listitem><para><link linkend="_class_p_stats">PStats</link> &amp; <link linkend="_class_player_1a68feb8bbe38a311b9f538e7e05e0510c">getStat</link> ()</para>

<para>Get player statistics. </para>
</listitem>
            <listitem><para>string <link linkend="_class_player_1a4939193fc637f75bf7a11118334dae7e">getName</link> () const</para>

<para>Get player&apos;s name. </para>
</listitem>
            <listitem><para>int <link linkend="_class_player_1ae0ccc5586972501fcab0f969cab3bf95">getFund</link> () const</para>

<para>Get current funds. </para>
</listitem>
            <listitem><para>int <link linkend="_class_player_1af72bd8540101dd0f76c4a00c6b3a7982">getBet</link> () const</para>

<para>Get current bet. </para>
</listitem>
            <listitem><para>bool <link linkend="_class_player_1a9cb83df3e8030640711108c5c4ffab4f">operator==</link> (const <link linkend="_class_player">Player</link> &amp;other) const</para>

<para>Equality comparison. </para>
</listitem>
            <listitem><para>bool <link linkend="_class_player_1a56ac1b030897173395f18c99f522827b">operator!=</link> (const <link linkend="_class_player">Player</link> &amp;other) const</para>

<para>Inequality comparison. </para>
</listitem>
        </itemizedlist>
<simplesect>
    <title>Additional Inherited Members    </title>
Protected Attributes inherited from <link linkend="_class_player">Player</link>        <itemizedlist>
            <listitem><para>string <link linkend="_class_player_1acf0355128a99ee20ad9931b760fb2de1">name</link></para>
</listitem>
            <listitem><para>vector&lt; <link linkend="_class_card">Card</link> &gt; <link linkend="_class_player_1a120127b3026b271cb7b1a5b82d635503">hand</link></para>
</listitem>
            <listitem><para>int <link linkend="_class_player_1a38a3243cd8b99085446d1b235cce825c">funds</link></para>
</listitem>
            <listitem><para>int <link linkend="_class_player_1a9ad8e498594182ced9e8091de332f6d0">bet</link></para>
</listitem>
            <listitem><para><link linkend="_class_p_stats">PStats</link> <link linkend="_class_player_1a4d0371e1f41da5ef5cd8a5a761fe5886">stats</link></para>
</listitem>
        </itemizedlist>
</simplesect>
<section>
<title>Detailed Description</title>

<para><link linkend="_class_dealer">Dealer</link> class Implements dealer-specific logic and display. </para>
<para>
Definition at line <link linkend="__player_8h_source_1l00170">170</link> of file <link linkend="__player_8h_source">Player.h</link>.</para>
</section>
<section>
<title>Constructor &amp; Destructor Documentation</title>
<anchor xml:id="_class_dealer_1a518fd02cf57eaf55e06b7754c4649a3f"/><section>
    <title>Dealer()</title>
<indexterm><primary>Dealer</primary><secondary>Dealer</secondary></indexterm>
<indexterm><primary>Dealer</primary><secondary>Dealer</secondary></indexterm>
<para><computeroutput>Dealer::Dealer ( )</computeroutput></para><para>

<para>Constructor. </para>
</para>

<para><link linkend="_class_dealer">Dealer</link> constructor Initializes dealer with default values.</para>

<para><link linkend="_class_dealer">Dealer</link> Class Implementation </para>
<para>
Definition at line <link linkend="__player_8cpp_source_1l00223">223</link> of file <link linkend="__player_8cpp_source">Player.cpp</link>.</para>
</section>
</section>
<section>
<title>Member Function Documentation</title>
<anchor xml:id="_class_dealer_1aa4a7ca18077f341fe8dfbc3e641de6f6"/><section>
    <title>dispHand()</title>
<indexterm><primary>dispHand</primary><secondary>Dealer</secondary></indexterm>
<indexterm><primary>Dealer</primary><secondary>dispHand</secondary></indexterm>
<para><computeroutput>void Dealer::dispHand ( ) const<computeroutput>[override]</computeroutput>, <computeroutput>[virtual]</computeroutput></computeroutput></para><para>

<para>Display dealer&apos;s initial hand (one card hidden) </para>
</para>
<para>
Implements <link linkend="_class_player_1a9e88f13cf784a6f938256b77a69bcc65">Player</link>.</para>
<para>
Definition at line <link linkend="__player_8cpp_source_1l00241">241</link> of file <link linkend="__player_8cpp_source">Player.cpp</link>.</para>
</section>
<anchor xml:id="_class_dealer_1a6b2d9774b8d0cff1595f38c6f891bf77"/><section>
    <title>showAll()</title>
<indexterm><primary>showAll</primary><secondary>Dealer</secondary></indexterm>
<indexterm><primary>Dealer</primary><secondary>showAll</secondary></indexterm>
<para><computeroutput>void Dealer::showAll ( ) const</computeroutput></para><para>

<para>Display all cards in dealer&apos;s hand. </para>
</para>

<para>Display dealer&apos;s complete hand Shows all cards and total value. </para>
<para>
Definition at line <link linkend="__player_8cpp_source_1l00256">256</link> of file <link linkend="__player_8cpp_source">Player.cpp</link>.</para>
Here is the call graph for this function:<para>
    <informalfigure>
        <mediaobject>
            <imageobject>
                <imagedata width="50%" align="center" valign="middle" scalefit="0" fileref="class_dealer_a6b2d9774b8d0cff1595f38c6f891bf77_cgraph.png"></imagedata>
            </imageobject>
        </mediaobject>
    </informalfigure>
</para>
</section>
<anchor xml:id="_class_dealer_1a832662f2a7de35cdb6c3c68259056278"/><section>
    <title>wantHit()</title>
<indexterm><primary>wantHit</primary><secondary>Dealer</secondary></indexterm>
<indexterm><primary>Dealer</primary><secondary>wantHit</secondary></indexterm>
<para><computeroutput>bool Dealer::wantHit ( )<computeroutput>[override]</computeroutput>, <computeroutput>[virtual]</computeroutput></computeroutput></para><para>

<para>Get dealer&apos;s hit decision based on rules. </para>
</para>

<para><formalpara><title>Returns</title>

<para>bool True if dealer must hit (&lt; 17) </para>
</formalpara>
</para>
<para>
Implements <link linkend="_class_player_1a395de65d83d94f6298af5b5dabaf9731">Player</link>.</para>
<para>
Definition at line <link linkend="__player_8cpp_source_1l00234">234</link> of file <link linkend="__player_8cpp_source">Player.cpp</link>.</para>
Here is the call graph for this function:<para>
    <informalfigure>
        <mediaobject>
            <imageobject>
                <imagedata width="50%" align="center" valign="middle" scalefit="0" fileref="class_dealer_a832662f2a7de35cdb6c3c68259056278_cgraph.png"></imagedata>
            </imageobject>
        </mediaobject>
    </informalfigure>
</para>
</section>
<para>
The documentation for this class was generated from the following files:</para>
<link linkend="__player_8h">Player.h</link><link linkend="__player_8cpp">Player.cpp</link></section>
</section>
