<?xml version='1.0' encoding='UTF-8' standalone='no'?>
<section xmlns="http://docbook.org/ns/docbook" version="5.0" xmlns:xlink="http://www.w3.org/1999/xlink" xml:id="_struct_save" xml:lang="en-US">
<title>Save Struct Reference</title>
<indexterm><primary>Save</primary></indexterm>
<para>

<para>Structure containing saveable game state data. </para>
 
</para>
<para>
<computeroutput>#include &lt;SaveGame.h&gt;</computeroutput>
</para>
Collaboration diagram for Save:<para>
    <informalfigure>
        <mediaobject>
            <imageobject>
                <imagedata width="50%" align="center" valign="middle" scalefit="0" fileref="struct_save__coll__graph.png"></imagedata>
            </imageobject>
        </mediaobject>
    </informalfigure>
</para>
<simplesect>
    <title>Public Attributes    </title>
        <itemizedlist>
            <listitem><para>char <link linkend="_struct_save_1a87d4df2d25c8c7845cc8e2b31c3cf8c6">name</link> [30]</para>
</listitem>
            <listitem><para>int <link linkend="_struct_save_1a59f394a05cbf44ae85e90576e6cb34e2">funds</link></para>
</listitem>
            <listitem><para>int <link linkend="_struct_save_1a6645464a8d38439095ec57b31ed264cb">wins</link></para>
</listitem>
            <listitem><para>int <link linkend="_struct_save_1a590de8d98933b1fa1181b5df23fdf80c">games</link></para>
</listitem>
            <listitem><para>int <link linkend="_struct_save_1a66849c66e30e65542ac629864d9b3da9">gmsAll</link></para>
</listitem>
            <listitem><para>int <link linkend="_struct_save_1a97a5d9075e6b9d2e4887d08a9815144d">winsAll</link></para>
</listitem>
        </itemizedlist>
</simplesect>
<section>
<title>Detailed Description</title>

<para>Structure containing saveable game state data. </para>
<para>
Definition at line <link linkend="__save_game_8h_source_1l00019">19</link> of file <link linkend="__save_game_8h_source">SaveGame.h</link>.</para>
</section>
<section>
<title>Member Data Documentation</title>
<anchor xml:id="_struct_save_1a59f394a05cbf44ae85e90576e6cb34e2"/><section>
    <title>funds</title>
<indexterm><primary>funds</primary><secondary>Save</secondary></indexterm>
<indexterm><primary>Save</primary><secondary>funds</secondary></indexterm>
<para><computeroutput>int Save::funds</computeroutput></para>
<para>Current funds </para>
<para>
Definition at line <link linkend="__save_game_8h_source_1l00021">21</link> of file <link linkend="__save_game_8h_source">SaveGame.h</link>.</para>
</section>
<anchor xml:id="_struct_save_1a590de8d98933b1fa1181b5df23fdf80c"/><section>
    <title>games</title>
<indexterm><primary>games</primary><secondary>Save</secondary></indexterm>
<indexterm><primary>Save</primary><secondary>games</secondary></indexterm>
<para><computeroutput>int Save::games</computeroutput></para>
<para>Current session games </para>
<para>
Definition at line <link linkend="__save_game_8h_source_1l00023">23</link> of file <link linkend="__save_game_8h_source">SaveGame.h</link>.</para>
</section>
<anchor xml:id="_struct_save_1a66849c66e30e65542ac629864d9b3da9"/><section>
    <title>gmsAll</title>
<indexterm><primary>gmsAll</primary><secondary>Save</secondary></indexterm>
<indexterm><primary>Save</primary><secondary>gmsAll</secondary></indexterm>
<para><computeroutput>int Save::gmsAll</computeroutput></para>
<para>Total games played </para>
<para>
Definition at line <link linkend="__save_game_8h_source_1l00024">24</link> of file <link linkend="__save_game_8h_source">SaveGame.h</link>.</para>
</section>
<anchor xml:id="_struct_save_1a87d4df2d25c8c7845cc8e2b31c3cf8c6"/><section>
    <title>name</title>
<indexterm><primary>name</primary><secondary>Save</secondary></indexterm>
<indexterm><primary>Save</primary><secondary>name</secondary></indexterm>
<para><computeroutput>char Save::name[30]</computeroutput></para>
<para><link linkend="_class_player">Player</link> name </para>
<para>
Definition at line <link linkend="__save_game_8h_source_1l00020">20</link> of file <link linkend="__save_game_8h_source">SaveGame.h</link>.</para>
</section>
<anchor xml:id="_struct_save_1a6645464a8d38439095ec57b31ed264cb"/><section>
    <title>wins</title>
<indexterm><primary>wins</primary><secondary>Save</secondary></indexterm>
<indexterm><primary>Save</primary><secondary>wins</secondary></indexterm>
<para><computeroutput>int Save::wins</computeroutput></para>
<para>Current session wins </para>
<para>
Definition at line <link linkend="__save_game_8h_source_1l00022">22</link> of file <link linkend="__save_game_8h_source">SaveGame.h</link>.</para>
</section>
<anchor xml:id="_struct_save_1a97a5d9075e6b9d2e4887d08a9815144d"/><section>
    <title>winsAll</title>
<indexterm><primary>winsAll</primary><secondary>Save</secondary></indexterm>
<indexterm><primary>Save</primary><secondary>winsAll</secondary></indexterm>
<para><computeroutput>int Save::winsAll</computeroutput></para>
<para>Total games won </para>
<para>
Definition at line <link linkend="__save_game_8h_source_1l00025">25</link> of file <link linkend="__save_game_8h_source">SaveGame.h</link>.</para>
</section>
<para>
The documentation for this struct was generated from the following file:</para>
<link linkend="__save_game_8h">SaveGame.h</link></section>
</section>
